{"contents":[{"step_2_action":1,"step_1_action":1,"step_3_action":0,"version_num":1,"step_5_action":1,"source":"40","action_trigger":"","step_4_action":1,"title":"Create a Report","type":"flow","title_lowercase":"create a report","step_1_key":1675100794150,"step_1_tag":"a","flow_id":"9fcd12af-0208-4fc8-a1f0-1245e45d229b","host":"-","disable_auto_skip":false,"published_at":1675165303718,"views":0,"src_flow_id":"-","design_stage":-1,"step_1_url":"aHR0cHM6Ly9qYW5zc2VuLS1kZXZzYmRpLnNhbmRib3gubGlnaHRuaW5nLmZvcmNlLmNvbS9saWdodG5pbmcvbi9HbG9iYWxfQWNjb3VudF9TZWFyY2g\u003d","goal":"","author":"c9a762f0-3307-11eb-8638-bacbbe07b880","authored_at":1675100794092,"step_1_image_creation_time":1675100061269,"steps":5,"url":"aHR0cHM6Ly9qYW5zc2VuLS1kZXZzYmRpLnNhbmRib3gubGlnaHRuaW5nLmZvcmNlLmNvbS9saWdodG5pbmcvbi9HbG9iYWxfQWNjb3VudF9TZWFyY2g\u003d","tags":["ef6be1f8-e994-4777-aaa3-4c0324a59925","95342592-0b33-482f-8c56-7de8c09006fd","2a5e6ce5-0676-4506-96be-62f82178e0bf"],"ent_id":"be8e0250-b457-46ee-9448-c358b97e21d6","user_id":"c9a762f0-3307-11eb-8638-bacbbe07b880","stages":100001,"runs":0,"stage":"production","state":"default","run_direct":true,"author_reputation":1,"user_id_reputation":1,"author_name":"-","mail_address_encrypted":"-","author_user_name_md5":"f0955136318b76b0c25fdce1c90060214e9ed3f886faf2ce36dd3ae7090830d1","picture_modified_time":1639643854647,"user_id_name":"-","user_id_user_name_md5":"f0955136318b76b0c25fdce1c90060214e9ed3f886faf2ce36dd3ae7090830d1","step_description":"next types \u0026 run\u0027 \u0027new \u0027start click report\u0027 search and \u0027reports\u0027 report \u0027save","step_note":""},{"src_flow_id":"-","design_stage":-1,"author":"c9a762f0-3307-11eb-8638-bacbbe07b880","authored_at":1675101668082,"version_num":1,"source":"40","search_keywords":"","title":"Veeva CRM PDF","type":"pdf","url":"aHR0cHM6Ly93d3cudmVldmEuY29tL3dwLWNvbnRlbnQvdXBsb2Fkcy8yMDE0LzA1L011bHRpY2hhbm5lbC1DUk0tRGF0YXNoZWV0LnBkZg\u003d\u003d","tags":["ef6be1f8-e994-4777-aaa3-4c0324a59925"],"title_lowercase":"veeva crm pdf","ent_id":"be8e0250-b457-46ee-9448-c358b97e21d6","user_id":"c9a762f0-3307-11eb-8638-bacbbe07b880","flow_id":"6cef2242-6f38-4f66-b9e9-814ed618639e","host":"-","stages":100001,"published_at":1675165303718,"runs":0,"views":0,"stage":"production","state":"default","author_reputation":1,"user_id_reputation":1,"author_name":"-","mail_address_encrypted":"-","author_user_name_md5":"f0955136318b76b0c25fdce1c90060214e9ed3f886faf2ce36dd3ae7090830d1","picture_modified_time":1639643854647,"user_id_name":"-","user_id_user_name_md5":"f0955136318b76b0c25fdce1c90060214e9ed3f886faf2ce36dd3ae7090830d1"},{"src_flow_id":"-","design_stage":-1,"author":"c9a762f0-3307-11eb-8638-bacbbe07b880","authored_at":1675101634042,"version_num":1,"source":"40","search_keywords":"","title":"Veeva CRM Product Brief","type":"text","tags":["ef6be1f8-e994-4777-aaa3-4c0324a59925"],"title_lowercase":"veeva crm product brief","description_md":"\u003cdiv style\u003d\"box-sizing: border-box; color: rgb(68, 68, 68); font-family: Roboto, sans-serif; font-size: 18px; font-style: normal; font-variant-ligatures: normal; font-variant-caps: normal; font-weight: 300; letter-spacing: normal; orphans: 2; text-align: start; text-indent: 0px; text-transform: none; white-space: normal; widows: 2; word-spacing: 0px; -webkit-text-stroke-width: 0px; background-color: rgb(255, 255, 255); text-decoration-thickness: initial; text-decoration-style: initial; text-decoration-color: initial;\"\u003e \n \u003cp style\u003d\"box-sizing: border-box; margin: 20px 0px; font-size: 18px; line-height: 25px; color: rgb(68, 68, 68); font-weight: 300;\"\u003eThe Veeva CRM suite of products is the proven and most advanced CRM solution for the life sciences industry.\u003c/p\u003e \n\u003c/div\u003e","ent_id":"be8e0250-b457-46ee-9448-c358b97e21d6","user_id":"c9a762f0-3307-11eb-8638-bacbbe07b880","flow_id":"e03e195d-6218-4b71-97f7-b2cbad0e3f56","stages":100001,"published_at":1675165303718,"runs":0,"views":0,"stage":"production","state":"default","author_reputation":1,"user_id_reputation":1,"author_name":"-","mail_address_encrypted":"-","author_user_name_md5":"f0955136318b76b0c25fdce1c90060214e9ed3f886faf2ce36dd3ae7090830d1","picture_modified_time":1639643854647,"user_id_name":"-","user_id_user_name_md5":"f0955136318b76b0c25fdce1c90060214e9ed3f886faf2ce36dd3ae7090830d1","host":"-"},{"src_flow_id":"-","design_stage":-1,"author":"c9a762f0-3307-11eb-8638-bacbbe07b880","authored_at":1675101552760,"version_num":1,"source":"40","search_keywords":"","title":"Veeva CRM Demo","type":"video","url":"aHR0cHM6Ly93d3cueW91dHViZS5jb20vZW1iZWQvci04b3g2NXBtUDA\u003d","tags":["ef6be1f8-e994-4777-aaa3-4c0324a59925"],"title_lowercase":"veeva crm demo","ent_id":"be8e0250-b457-46ee-9448-c358b97e21d6","user_id":"c9a762f0-3307-11eb-8638-bacbbe07b880","flow_id":"7c716396-ee3a-4b6a-a785-9b1862eb016d","host":"-","stages":100001,"published_at":1675165303718,"runs":0,"views":0,"stage":"production","state":"default","author_reputation":1,"user_id_reputation":1,"author_name":"-","mail_address_encrypted":"-","author_user_name_md5":"f0955136318b76b0c25fdce1c90060214e9ed3f886faf2ce36dd3ae7090830d1","picture_modified_time":1639643854647,"user_id_name":"-","user_id_user_name_md5":"f0955136318b76b0c25fdce1c90060214e9ed3f886faf2ce36dd3ae7090830d1"},{"step_2_action":0,"step_1_action":0,"step_3_action":0,"version_num":1,"source":"40","action_trigger":"","step_4_action":0,"title":"Onboarding Tour","type":"flow","title_lowercase":"onboarding tour","step_1_key":1675098555626,"step_1_tag":"a","flow_id":"8ab39d3a-c2cd-4918-84e6-3afc9ba28d57","host":"-","disable_auto_skip":false,"published_at":1675165303718,"views":0,"src_flow_id":"-","design_stage":-1,"step_1_url":"aHR0cHM6Ly9qYW5zc2VuLS1kZXZzYmRpLnNhbmRib3gubGlnaHRuaW5nLmZvcmNlLmNvbS9saWdodG5pbmcvcGFnZS9ob21l","goal":"","author":"c9a762f0-3307-11eb-8638-bacbbe07b880","authored_at":1675098554714,"step_1_image_creation_time":1675098062304,"steps":4,"url":"aHR0cHM6Ly9qYW5zc2VuLS1kZXZzYmRpLnNhbmRib3gubGlnaHRuaW5nLmZvcmNlLmNvbS9saWdodG5pbmcvcGFnZS9ob21l","tags":["ef6be1f8-e994-4777-aaa3-4c0324a59925"],"ent_id":"be8e0250-b457-46ee-9448-c358b97e21d6","user_id":"c9a762f0-3307-11eb-8638-bacbbe07b880","stages":100001,"runs":0,"stage":"production","state":"default","run_direct":true,"author_reputation":1,"user_id_reputation":1,"author_name":"-","mail_address_encrypted":"-","author_user_name_md5":"f0955136318b76b0c25fdce1c90060214e9ed3f886faf2ce36dd3ae7090830d1","picture_modified_time":1639643854647,"user_id_name":"-","user_id_user_name_md5":"f0955136318b76b0c25fdce1c90060214e9ed3f886faf2ce36dd3ae7090830d1","step_description":"here reports your used can view either \u0027my find of have create details schedule\u0027 you on a or in check click samples most schedule report to ones! account samples\u0027","step_note":""}],"meta":{"records":20,"has_search":true,"noindex_tag":"8c2a8e1f-473e-4145-b6a8-6605ede62110"}}