{"account_type":"Trial","app_type":"LIGHTNING_APP","cdn_enabled":true,"noindex_tag":"8c2a8e1f-473e-4145-b6a8-6605ede62110","wfx_play_as_popup_tag":"ba9dc6fd-1e27-47a1-a860-b92d640ab020","wfx_package_info":{"last_production_timestamp":"1675165330753","production_ent_version":"41.0","initiator_clm_v2":"true","cdn_production_data_version":"15","cdn_production_content_timestamp":"1675165319910","cdn_production_js_timestamp":"1675165319910","lastDataExportAt":"1675165319910","lastFullExportAt":"1675165319910"},"allow_emails":["whatfix.com"],"custom_extension":{"is_whatfix_store_enabled":"true","currently_linked":"false","is_zip_option_enabled":"true","previously_linked":"false","latest_cdn_update_timestamp":"1675165339238"},"user_actions":[],"tags":[{"flows":5,"name":"Global-Page","tag_id":"ef6be1f8-e994-4777-aaa3-4c0324a59925","section":0,"conditions":[{"op1":"true","operator":"\u003d","type":"global"}],"type":"page","version":"1"},{"flows":1,"name":"Action-home,ObejctName-Report","tag_id":"95342592-0b33-482f-8c56-7de8c09006fd","section":0,"conditions":[{"op1":"home","operator":"\u003d","type":"Action"},{"op1":"Report","operator":"\u003d","type":"ObejctName"}],"type":"page","version":"1"},{"flows":1,"name":"PageName_name-reports-ReportBuilder","tag_id":"2a5e6ce5-0676-4506-96be-62f82178e0bf","section":0,"conditions":[{"op1":"reports:reportBuilder","operator":"\u003d","type":"PageName_name"}],"type":"page","version":"1"}],"is_personalisation_enabled":false,"desktop_auto_update":false,"single_language_app":true,"nolive_tag":"898e2f8d-c09a-43ac-9bd1-6703f9eaeb59","auto_segment_enabled":true,"gp_segments":[],"locale_support":true,"kb_limit":5,"theme":{"help_need_tip":"show","link_open":"same_page","tip_theme_type":"modern","link_popup_position":"widget","pdf_logo_height":"15","tl_key":"76","tip_next_key":"78","beacon_tip_font_color":"#ffffff","help_icon_text_size":"14","help_icon_position":"rtm","tip_back_button_required":"true","beacon_animation_type":"radial","help_wid_mode":"live_here","help_wid_color":"#00BCD4","help_key":"87","link_popup_size":"medium","help_need_animation":"show","show_pdf_header":"show","show_pdf_footer":"show","help_wid_header_show":"show","beacon_tip_bg_color":"#19265d","beacon_tip_font_style":"normal","beacon_tip_font_weight":"normal","beacon_tip_font_size":"16","tip_back_key":"66","pdf_style":"classic","help_wid_header_text_color":"#FFFFFF","help_icon_bg_color":"#00BCD4","tip_close_key":"81","help_icon_text_color":"#FFFFFF"},"limits":{"analytics_dashboard_limit":"10","analytics_insights_limit":"50","user_actions":"25"},"popup_segments":[{"creation_time":1675099287642,"design_stage":-1,"css":".popupTemplateCard {\n          box-shadow: 0 4px 8px 0 rgba(0, 0, 0, 0.2);\n          transition: 0.3s;\n          width: 100%;\n          background: #ffffff;\n          border-radius: 5px;\n          position: relative;\n          height: auto;\n          max-height: 545px;\n          max-width: 800px;\n        }\n        \n        .popupTemplateFooter {\n          padding-top: 30px;\n          padding-bottom: 20px;\n          text-align: center;\n          bottom: 15px;\n          left: 0;\n          right: 0;\n        }\n        \n        .popupCenterAlign {\n          display: table;\n          margin-left: auto;\n          margin-right: auto;\n        }\n        \n        .templateTitle {\n          margin-left: 5%;\n          margin-right: 5%;\n          position: relative;\n          font-weight: 600;\n          font-size: 18px;\n          line-height: 25px;\n          text-align: center;\n          overflow: hidden;\n          color: #596377;\n          max-height: 50px;\n          min-height: 25px;\n          width: 90%;\n          top: 20px;\n          margin-bottom: 30px;\n        }\n        \n        .templateTitle p {\n          margin: 0px !important;\n        }\n        \n        .wfxImageContainer {\n    \t\theight: 325px;\n    \t\twidth: 90%;\n    \t\tmargin: 20px auto 0 auto;\n\t\t}\n\n\t\t.wfxMedia {\n\t\t\tvertical-align: middle;\n\t\t\tmax-width: 100%;\n\t\t\tmax-height: 100%;\n\t\t}\n        \n        .popupBtn {\n          background: #f4f5f7;\n          border: none;\n          color: white;\n          text-align: center;\n          text-decoration: none;\n          display: inline-block;\n          font-size: 14px;\n          font-weight: 600;\n          width: 150px;\n          height: 40px;\n          border-radius: 3px;\n          vertical-align: top;\n          outline-color: #0691b2 !important;\n          transition: 0.2s ease;\n          word-break: break-all;\n\t\t  overflow:hidden;\n        }\n        \n        .popupBtn p{ \n    \t  margin:0px !important; \n\t\t}\n\n\t\t.popupTemplateCard-popupCloseButton {\n\t\t  position: absolute;\n\t\t  z-index: 1;\n\t\t  right: 10px;\n\t\t  top: 15px;\n\t\t}\n              \n        .cyan {\n          background: #00bcd4;\n          color: white;\n        }","code":"\u003cWfxTitle\n  id\u003d\"segment_title_1\"\n  className\u003d\"templateTitle\"\n  titleContent\u003d{getRTEContent(\"segment_title_1\")}\n  saveListener\u003d{contentChangeListener}\n/\u003e\n\u003cWfxMedia id \u003d \"segment_image_1\" className\u003d\"wfxMedia\"\n  height\u003d{getImageHeight(\"segment_image_1\")}\n  width\u003d{getImageWidth(\"segment_image_1\")}\n  sourceURL\u003d{getImageSource(\"segment_image_1\")}\n  alternateText\u003d{getImageAltText(\"segment_image_1\")}\n  videoDescriptionText\u003d{getImageVideoDesc(\"segment_image_1\")}\n  video\u003d{getisVideo(\"segment_image_1\")}\n  imageChangeListener\u003d{updateImage}\n/\u003e\n\u003cWfxDiv className\u003d\"popupTemplateFooter\"\u003e\n  \u003cWfxButton\n    id\u003d\"segment_prim_btn_1\"\n    className\u003d\"wfx_primary_button\"\n    selectedButtonEvent\u003d{getButtonEventType(\"segment_prim_btn_1\")}\n    selectedButtonValue\u003d{getButtonEventValue(\"segment_prim_btn_1\")}\n    buttonStyle\u003d{getButtonStyle(\"segment_prim_btn_1\")}\n    buttonText\u003d{getButtonText(\"segment_prim_btn_1\")}\n    buttonHoverColor\u003d{getButtonHoverColor(\"segment_prim_btn_1\")}\n    buttonCornerRad\u003d{getButtonCornerRad(\"segment_prim_btn_1\")}              \n    buttonColor\u003d{getButtonColor(\"segment_prim_btn_1\")}\n    buttonChangeListener\u003d{updateButton}\n  /\u003e\n\u003c/WfxDiv\u003e","html_md":"\u003cdiv class\u003d\"popupTemplateCard\"\u003e\n \u003cdiv class\u003d\"popupTemplateCard-popupCloseButton\" id\u003d\"popupClosePanel\"\u003e\n  \u003csvg width\u003d\"16\" height\u003d\"16\" viewbox\u003d\"0 0 16 16\" fill\u003d\"none\" id\u003d\"popupCloseBtn\" data-testid\u003d\"popup-close-btn-icon\"\u003e\n   \u003cg filter\u003d\"url(#prefix__filter0_d)\"\u003e\n    \u003cpath d\u003d\"M8.013 6.784l3.643-3.643 1.22 1.22-3.643 3.643L13 11.771 11.771 13 8.004 9.233 4.38 12.858l-1.22-1.22 3.625-3.625L3 4.23 4.229 3l3.784 3.784z\" fill\u003d\"#6C798E\"\u003e\u003c/path\u003e\n    \u003cpath d\u003d\"M8.013 6.077l-3.43-3.43a.5.5 0 00-.708 0L2.646 3.874a.5.5 0 000 .708l3.431 3.43-3.271 3.272a.5.5 0 000 .707l1.22 1.22a.5.5 0 00.707 0l3.271-3.271 3.413 3.413a.5.5 0 00.708 0l1.229-1.23a.5.5 0 000-.707L9.94 8.004l3.289-3.289a.5.5 0 000-.707l-1.22-1.22a.5.5 0 00-.707 0l-3.29 3.29z\" stroke\u003d\"#fff\" stroke-opacity\u003d\"0.3\" stroke-linejoin\u003d\"round\"\u003e\u003c/path\u003e\n   \u003c/g\u003e\u003cdefs\u003e\n    \u003cfilter id\u003d\"prefix__filter0_d\" x\u003d\"0\" y\u003d\"0\" width\u003d\"16\" height\u003d\"16\" filterunits\u003d\"userSpaceOnUse\" color-interpolation-filters\u003d\"sRGB\"\u003e\n     \u003cfeflood flood-opacity\u003d\"0\" result\u003d\"BackgroundImageFix\"\u003e\u003c/feflood\u003e\n     \u003cfecolormatrix in\u003d\"SourceAlpha\" values\u003d\"0 0 0 0 0 0 0 0 0 0 0 0 0 0 0 0 0 0 127 0\"\u003e\u003c/fecolormatrix\u003e\n     \u003cfeoffset\u003e\u003c/feoffset\u003e\n     \u003cfegaussianblur stddeviation\u003d\"1\"\u003e\u003c/fegaussianblur\u003e\n     \u003cfecolormatrix values\u003d\"0 0 0 0 1 0 0 0 0 1 0 0 0 0 1 0 0 0 1 0\"\u003e\u003c/fecolormatrix\u003e\n     \u003cfeblend in2\u003d\"BackgroundImageFix\" result\u003d\"effect1_dropShadow\"\u003e\u003c/feblend\u003e\n     \u003cfeblend in\u003d\"SourceGraphic\" in2\u003d\"effect1_dropShadow\" result\u003d\"shape\"\u003e\u003c/feblend\u003e\n    \u003c/filter\u003e\n   \u003c/defs\u003e\n  \u003c/svg\u003e\n \u003c/div\u003e\n \u003cdiv class\u003d\"WfxTitle-rebranding\"\u003e\n  \u003cdiv id\u003d\"segment_title_1\" class\u003d\"templateTitle\"\u003e\n   \u003cdiv class\u003d\"fr-box\" role\u003d\"application\"\u003e\n    \u003cdiv class\u003d\"fr-wrapper\" dir\u003d\"auto\"\u003e\n     \u003cdiv class\u003d\"fr-element fr-view\" dir\u003d\"auto\" contenteditable\u003d\"true\" aria-disabled\u003d\"false\" spellcheck\u003d\"true\"\u003e\n      \u003cp style\u003d\"\"\u003eWelcome to Veeva!\u003cbr\u003e\u003cspan style\u003d\"font-size: 14px;\"\u003eClick on \u003cstrong style\u003d\"\"\u003e\u003cem\u003eLet\u0027s Go\u003c/em\u003e\u003c/strong\u003e to get a quick tour!\u003c/span\u003e\u003c/p\u003e\n     \u003c/div\u003e\n    \u003c/div\u003e\n   \u003c/div\u003e\n  \u003c/div\u003e\n \u003c/div\u003e \n \u003cdiv class\u003d\"WfxMedia-Rebranding\"\u003e\n  \u003cdiv class\u003d\"wfxImageContainer wfxMedia\"\u003e\n   \u003cdiv class\u003d\"\" style\u003d\"height: 100%; width: 100%;\"\u003e\n    \u003cdiv class\u003d\"wfxMedia-pointer\" aria-label\u003d\"\" tabindex\u003d\"0\" role\u003d\"link\" style\u003d\"height: 100%; width: 100%; overflow: hidden; text-align: center; vertical-align: middle; max-height: 100%; position: relative;\"\u003e\n     \u003ciframe title\u003d\"wfx_media\" id\u003d\"segment_image_1\" class\u003d\"wfxImage\" height\u003d\"100%\" width\u003d\"100%\" src\u003d\"https://www.youtube.com/embed/r-8ox65pmP0\" allowfullscreen style\u003d\"border-width: 0px;\"\u003e\u003c/iframe\u003e\n    \u003c/div\u003e\n   \u003c/div\u003e\n  \u003c/div\u003e\n \u003c/div\u003e \n \u003cdiv class\u003d\"popupTemplateFooter\"\u003e \n  \u003cdiv class\u003d\"popupTemplateButton wfx_primary_button\" style\u003d\"display: inline-block;\"\u003e\n   \u003cdiv class\u003d\"\" style\u003d\"height: 100%; width: 100%;\"\u003e\n    \u003cbutton id\u003d\"segment_prim_btn_1\" type\u003d\"text\" class\u003d\"sc-hMjYif CnZuk popupBtn cyan\"\u003e\n     \u003cdiv id\u003d\"segment_prim_btn_1\" class\u003d\"wfxButtonText\" role\u003d\"presentation\"\u003e\n      \u003cdiv class\u003d\"fr-box\" role\u003d\"application\"\u003e\n       \u003cdiv class\u003d\"fr-wrapper\" dir\u003d\"auto\"\u003e\n        \u003cdiv class\u003d\"fr-element fr-view\" dir\u003d\"auto\" contenteditable\u003d\"true\" aria-disabled\u003d\"false\" spellcheck\u003d\"true\"\u003e\n         \u003cp style\u003d\"\"\u003eLets Go!\u003c/p\u003e\n        \u003c/div\u003e\n       \u003c/div\u003e\n      \u003c/div\u003e\n     \u003c/div\u003e\u003c/button\u003e\n   \u003c/div\u003e\n  \u003c/div\u003e \n \u003c/div\u003e\n\u003c/div\u003e","version_num":2,"is_dnd":false,"type":"popup","created_by":"c9a762f0-3307-11eb-8638-bacbbe07b880","enabled":true,"ent_id":"be8e0250-b457-46ee-9448-c358b97e21d6","user_id":"c9a762f0-3307-11eb-8638-bacbbe07b880","component_properties":"{\"template\":{\"desktop_max_height\":\"545\",\"desktop_max_width\":\"800\",\"desktop_min_height\":\"315\",\"desktop_min_width\":\"342\",\"desktop_width\":\"480\",\"mobile_max_height\":\"370\",\"mobile_width\":\"320\"},\"segment_title_1\":{\"content_md\":\"\u003cp fr-original-style\u003d\\\"\\\" style\u003d\\\"margin-top: 0px; margin-bottom: 0px;\\\"\u003eWelcome to Veeva!\u003cbr\u003e\u003cspan style\u003d\\\"font-size: 14px;\\\"\u003eClick on \u003cstrong fr-original-style\u003d\\\"\\\" style\u003d\\\"font-weight: 700;\\\"\u003e\u003cem\u003eLet\u0026#39;s Go\u003c/em\u003e\u003c/strong\u003e to get a quick tour!\u003c/span\u003e\u003c/p\u003e\",\"type\":\"WfxTitle\"},\"segment_prim_btn_1\":{\"btn_action\":\"flow\",\"btn_target\":\"8ab39d3a-c2cd-4918-84e6-3afc9ba28d57\",\"btn_style\":\"popupBtn cyan\",\"btn_text_md\":\"\u003cp fr-original-style\u003d\\\"\\\" style\u003d\\\"margin-top: 0px; margin-bottom: 0px;\\\"\u003eLets Go!\u003c/p\u003e\",\"btn_corner_radius\":3,\"btn_hover_color\":\"#1B3E89\",\"btn_color\":\"#1B3E89\",\"type\":\"WfxButton\"},\"segment_image_1\":{\"height\":\"auto\",\"width\":\"100%\",\"src\":\"https://www.youtube.com/embed/r-8ox65pmP0\",\"alt\":\"\",\"videoDesc\":\"\",\"type\":\"WfxMedia\",\"isVideo\":true}}","css_mobile":".popupTemplateCard {\n    box-shadow: 0 4px 8px 0 rgba(0, 0, 0, 0.2);\n    transition: 0.3s;\n    background: #ffffff;\n    border-radius: 5px;\n    position: relative;\n    height: auto;\n    width: 320px;\n    max-height: 370px;\n}\n        \n.popupTemplateFooter {\n    padding-top: 22px;\n    padding-bottom: 12px;\n    text-align: center;\n}\n        \n.popupCenterAlign {\n    display: table;\n    margin-left: auto;\n    margin-right: auto;\n}\n\n.templateTitle {\n    margin-left: 5%;\n    margin-right: 5%;\n    position: relative;\n    font-weight: 600;\n    font-size: 18px;\n    line-height: 25px;\n    text-align: center;\n    overflow: hidden;\n    color: #596377;\n    max-height: 50px;\n    min-height: 25px;\n    width: 90%;\n    top: 20px;\n    margin-bottom: 30px;\n}\n\n.templateTitle p {\n   \tmargin: 0px !important;\n}\n\n.wfxImageContainer {\n   height: 165px;\n   width: 90%;\n   margin: 20px auto 0 auto;\n}\n\n.wfxMedia {\n\tvertical-align: middle;\n\tmax-width: 100%;\n\tmax-height: 100%;\n}\n        \n.popupBtn {\n    background: #f4f5f7;\n    border: none;\n    color: white;\n    text-align: center;\n    text-decoration: none;\n    display: inline-block;\n    font-size: 14px;\n    font-weight: 600;\n    width: 150px;\n    height: 40px;\n    margin: 5px;\n    border-radius: 3px;\n    vertical-align: top;\n    outline-color: #0691b2 !important;\n    transition: 0.2s ease;\n \tword-break: break-all;\n \toverflow:hidden;\n}\n\n.popupBtn p{ \n    margin:0px !important; \n}\n\n.popupTemplateCard-popupCloseButton {\n\tposition: absolute;\n\tz-index: 1;\n    right: 5px;\n    top: 10px;\n}\n\n.cyan {\nbackground: #00bcd4;\ncolor: white;\n}\n","modified_by":"c9a762f0-3307-11eb-8638-bacbbe07b880","name":"Welcome","stages":200002,"times_to_show":10,"theme":{"carouselArrows":"false","carouselDots":"false","dontShowAgain":"false","templateType":"regular","xOnPopup":"true"},"name_lowercase":"welcome","conditions":[{"andOr":"And","op1":"https://janssen--devsbdi.sandbox.lightning.force.com/lightning/page/home","operator":"\u003d","originalAndOr":"And","type":"url"}],"segment_id":"76cf0763-c35c-4a2c-ae07-c723eacd6b03","modification_time":1675165281992}],"sp_segments":[],"ent_id":"be8e0250-b457-46ee-9448-c358b97e21d6","stage":"production","tl_segments":[],"open":false,"finder_config":{"capture_cv_categories_data":"true"},"data_version":15,"login_type":"native","role_filtering_enabled":true,"la_segments":[],"show_all_applicable_content":true,"global_data_version_info":{"data_version":15},"user_actions_count":0,"ent_integration_attributes":[],"export":true,"nudge_segments":[],"extension_tag":"f62946ef-5449-4058-a0f1-65c2ccf2d6a1","create_page_tags":true,"sh_segments":[{"creation_time":1675097856518,"design_stage":-1,"tag_ids":[],"version_num":1,"type":"sh","created_by":"c9a762f0-3307-11eb-8638-bacbbe07b880","enabled":true,"ent_id":"be8e0250-b457-46ee-9448-c358b97e21d6","user_id":"c9a762f0-3307-11eb-8638-bacbbe07b880","modified_by":"c9a762f0-3307-11eb-8638-bacbbe07b880","name":"Default Segment","stages":100001,"flow_ids":[],"name_lowercase":"default segment","conditions":[],"segment_id":"2e75311b-011b-4f83-866a-0df8eb572b63","modification_time":1675165281992,"properties":{"isDefaultSegment":"true"},"segment_order":[]}],"additional_features":["editor_ignore_auto_click_event","cwf_multiselect","infra_auditlogs_in_dashboard","ss_subgroups","sh_bulk_grouping","deployment_whatfix_version_extension","training_videoupload","jit_modify_carousel_popup","kb_configure","sh_icon_config","ccm_clm","studio_editor","override_client_listeners","analytics_v2_enable","cagg_instant_feasibility","studio_noswitchback","cwf_desktop_async_finder","sh_onboarding_templates","ot_hidespgpanalytics","css_zoom_factor","cwf_central_auto_tags_cache","sh_size_adjust","sh_fast_load","cwf_new_responder_logic","jit_audio_walkthrough","ccm_auto_translation","embed_playstate_without_enterprise","embed_error_handler","training_imageupload","analytics_custom_events","chrome_mv3","cwf_scv2_mutation","ot_newbeacon","sba_dashboard","display_user_data","smart_tips_iframe","article_new_ui","analytics_ua_engagement","cagg_ui_view_status","deployment_whatfix_version","ot_newpopup","user_journey","logger_dashboard","analytics_insight_charts","analytics_ua_tags","smart_tips_new","analytics_funnel_migrate","sh_open_state","analytics_beta_features","sh_rich_text_editor","cwf_sc_frame_visibility","cwf_pillar_identifier","ss_search_suggester","cwf_frame_communication","insights_dashboard","ss_no_src_iframe","ss_link_popup","useraction_visibility_rules","training_surveymvp","desktop_new_architecture_live_edit","personalisation_dashboard_intro","analytics_events_beta","training_pdfupload","clm_video_upload","sh_setting_new_ui"],"export_filter":["gracefulexit","deck","blog"],"org_id":"-","name":"iconnect_ipad_JnJ","dyn_pillar_pivot":true,"non_api_mode":true,"auto_skip_on_launch":true,"be_segments":[],"spotlight_tag":"859a1d49-852f-4ed7-94f0-c0129e742306","flow_triggers":{},"branding_config":{"branding_enabled":"true","branding_link":"","branding_text":"","endpop_enabled":"true","gexit_enabled":"true","sh_enabled":"true","tl_enabled":"true"},"autocomplete":false,"st_segments":[],"groups":{},"pdf":true,"track_usage":true,"ip_segments":[],"properties":{"gracefulExitPopYes":"Yes","endLikertScaleHigh":"Great","installContentHeader":"Whatfix extension for","gracefulExitPopNo":"No","autoFurtherInputRequired":"Input Required In Further Steps","taskListMultiplePending":"Tasks pending","searchSuggestion":"Suggested searches","endFeedbackQuestionLabel":"Was this flow helpful?","customExtInstallCTALabel":"Install Extension","installContent":"By installing Whatfix\u0027s browser extension, you can create interactive walkthroughs (flows) on any website. Additionally, you can get live instructions by clicking the \"See live\" option.","endFeedbackUserNoteYes":"That’s great! What did you like?","widgetCloseTitle":"Close","autoStepOfN":"Executing Step {0} of {1}","editorEnter":"Enter ","endSubjectiveFeedbackLabel":"Let us know why","stopButtonLabel":"Stop","exitPopDefaultMessage":"Do you want to end the flow?","endLikertFeedbackQuestionLabel":"How would you like to rate the flow that you just used?","recentSearches":"Recent searches","predefinedOptionYes2":"Clear instructions","predefinedOptionYes3":"Learned something new","endFeedbackNo":"No","gracefulExitTipDescription":"Here\u0027s an image of what you should be seeing next.","predefinedOptionYes1":"Easy to use","nothingFound":"Sorry, no results found","predefinedOptionYes4":"Saved me time","guide":"Guide Me","tipCloseTitle":"Close","manualButtonHoverTip":"This will switch the flow to manual \u0026 can\u0027t be undone","autoDefaultTitle":"Flow In Progress","extensionRequiredNotice":"You need to install the Whatfix browser extension to use this feature","helpWidgetTipButtonText":"Got It","seeLive":"See Live","predefinedOptionNo4":"I already knew this","widgetSearchClearTitle":"Clear","predefinedOptionNo2":"Not what I was looking for","unsupportedBrowserNotice":"To use this feature, please use either Google Chrome or Mozilla Firefox browser","installButtonUnsupportedBrowserLabel":"Chrome Extension","gracefulExitTipTitle":"Oops! The next step seems to be missing.","predefinedOptionNo3":"Incorrect steps","predefinedOptionNo1":"Not easy to use","loading":"loading...","pdfFooterText":"Company Name","endLikertSubmit":"Submit","autoNoInputRequired":"No Input Required","widgetTitle":"Self Help","endFeedbackYes":"Yes","endSubjectiveFeedbackPlaceholder":"Provide your feedback here","editorClickHere":"Click here","endSendFeedback":"Submit","helpWidgetTipDescription":"Hey! This is your new in-app help \u0026 will be available across your application.","taskerCloseTitle":"Close","installExtension":"Install","installButtonLabel":"Install","searchMore":"Enter your search criteria here","resumeFlow":"Resume Flow","startDontShowAgain":"Don\u0027t show me again","widgetSearchTitle":"Search","customExtInstallSuccessMsg":"Extension Installed!","editorEnterValue":"Enter ","next":"Next","endLikertScaleLow":"Not Great","ignoreExtension":"Not Now","stopButtonHoverTip":"This will stop the flow \u0026 can\u0027t be undone","editorClickOn":"Click ","endFeedbackUserNoteNo":"That should not have happened! What went wrong?","endFeedbackPlaceholderNewYes":"Tell us more","widgetLauncherLabel":"Self Help","flowClosureHeader":"You closed an ongoing guided help.Do you want to resume it?","back":"Back","stepOfN":"{0} (Step {1} of {2})","skip":"Skip","installPageTitle":"Install Whatfix extension","installUnsupportedBrowserContent":"Whatfix Extension is available for Chrome and Firefox browsers only.","endDefaultMessage":"You have completed this task.","seeLiveTitle":"See live help on your application","autoDefaultInputRequired":"Next Input Required On Step {0}","editorSelect":"Select ","customExtInstallPageDescription":"Whatfix provides in-app interactive guides and walkthroughs to ease user onboarding, reduce training, and improve support","autoStep":"Executing Steps","ok":"Ok","close":"Close","ivoryStepOfN":"Step {0}/{1}","slideshowRestartButtonText":"Restart","endFeedbackPlaceholderNewNo":"Write your suggestion here","maxCharacterLimit":"Max {0} characters","pdfHeaderText":"Company Name","taskListSinglePending":"Task pending ","taskListLabel":"Task List ","manualButtonLabel":"Manual","customExtInstallTitle":"Whatfix Extension","slideshowStartButtonText":"Start","endSendFeedbackNew":"Send Feedback","modernStepOfN":"{0}/{1}","endLikertFeedbackPlaceholder":"Tell us more"}}