{"step_1_image2_crop_top":0,"step_1_image_width":1440,"step_2_image_width":1440,"step_2_key":1675098555627,"step_2_completion_actions":[0],"step_4_url":"aHR0cHM6Ly9qYW5zc2VuLS1kZXZzYmRpLnNhbmRib3gubGlnaHRuaW5nLmZvcmNlLmNvbS9saWdodG5pbmcvcGFnZS9ob21l","step_3_image_width":1440,"step_4_image_width":1440,"step_1_finder_sub_ver":2,"action_trigger":"","step_3_left":452,"step_4_width":97,"title_lowercase":"onboarding tour","step_2_image1_top":81,"step_4_image2_placement":"b","step_1_optional":false,"step_3_image_creation_time":1675098271884,"disable_auto_skip":false,"step_4_image2_crop_top":0,"step_1_page_tags":["ef6be1f8-e994-4777-aaa3-4c0324a59925"],"step_4_top":81,"step_4_height":37,"step_3_image1_crop_top":0,"step_1_left":248,"tags":["ef6be1f8-e994-4777-aaa3-4c0324a59925"],"step_3_action":0,"step_3_zoom":1.0,"step_2_page_tags":["ef6be1f8-e994-4777-aaa3-4c0324a59925"],"step_2_image1_crop_left":101,"step_1_creation_time":1675098555626,"step_4_parent_page_tags":[],"step_2_creation_time":1675098555627,"step_1_image2_top":81,"step_3_image2_crop_left":301,"step_2_height":37,"failures":0,"step_4_tag":"one-app-nav-bar-item-root","ent_id":"be8e0250-b457-46ee-9448-c358b97e21d6","step_2_parent_marks":[],"votes":0,"step_3_image2_placement":"b","step_3_placement":"b","step_3_key":1675098555628,"version_num":1,"source":"40","step_1_parent_page_tags":[],"step_3_optional":false,"step_1_top":81,"src_flow_id":"-","step_2_image2_top":81,"step_3_finder_sub_ver":2,"step_1_url":"aHR0cHM6Ly9qYW5zc2VuLS1kZXZzYmRpLnNhbmRib3gubGlnaHRuaW5nLmZvcmNlLmNvbS9saWdodG5pbmcvcGFnZS9ob21l","step_2_image_height":821,"step_3_image1_placement":"b","step_2_finder_sub_ver":2,"step_3_creation_time":1675098555628,"step_1_description_md":"You can find your account details in here","step_1_image2_crop_left":99,"step_4_completion_actions":[0],"step_2_width":102,"step_2_finder_ver":11,"title":"Onboarding Tour","step_1_tag":"a","step_1_height":37,"step_4_image2_top":81,"views":0,"design_stage":-1,"step_4_description_md":"Click on Reports to either create a Report or View most used ones!","step_4_placement":"b","step_2_image1_left":249,"step_3_width":98,"step_1_back_button":false,"step_3_back_button":true,"step_4_finder_ver":11,"step_4_image1_left":251,"step_4_zoom":1.0,"step_3_image1_crop_left":201,"step_1_parent_marks":[],"step_1_marks":[{"attribute":"tag","value":"a"},{"attribute":"path","value":"shadow-0/"},{"attribute":"tag_1","value":"one-app-nav-bar-item-root"},{"attribute":"path_1","value":"shadow-3/nav-0/div-1/"},{"attribute":"tag_2","value":"one-app-nav-bar"},{"attribute":"path_2","value":"shadow-0/div-1/"},{"attribute":"tag_3","value":"one-appnav"},{"attribute":"path_3","value":"body-42/div-0/div-2/section-11/div-5/div-0/"},{"attribute":"depth_3","value":"8"},{"attribute":"data-data-rendering-service-uid_3","value":"142"},{"attribute":"data-aura-rendered-by_3","value":"261:0"},{"attribute":"parent-tag_3","value":"div"},{"attribute":"parent-class_3","value":"slds-no-print oneAppNavContainer"},{"attribute":"parent-data-aura-rendered-by_3","value":"319:0;p"},{"attribute":"parent-data-aura-class_3","value":"oneAppNavContainer"},{"attribute":"parent-fontWeight_3","value":"400"},{"attribute":"parent-textDecoration_3","value":"none solid rgb(24, 24, 24)"},{"attribute":"fontWeight_3","value":"400"},{"attribute":"textDecoration_3","value":"none solid rgb(24, 24, 24)"},{"attribute":"width_3","value":"1440"},{"attribute":"height_3","value":"40"},{"attribute":"lightning_mark_3","value":"{\"lightning_app_version\":\"spring23\", \"page_info\":{\"pageName\":\"home\"}, \"panel_info\":{}, \"is_global\":true, \"path\":\"div-0/\", \"components\":[{\"value_provider_type\":\"one:appNavContainer\", \"component_type\":\"aura:html\", \"tag_name\":\"div\"},{\"value_provider_type\":\"navex:standardManager\", \"component_type\":\"aura:html\", \"tag_name\":\"div\"},{\"value_provider_type\":\"navex:desktopLayoutContainer\", \"component_type\":\"aura:html\", \"tag_name\":\"div\"}]}"},{"attribute":"app_name_3","value":"LIGHTNING_APP"},{"attribute":"app_version_3","value":"5"},{"attribute":"element_attributes_3","value":"[{\"name\":\"data-data-rendering-service-uid\", \"value\":\"142\", \"count\":1},{\"name\":\"data-aura-rendered-by\", \"value\":\"261:0\", \"count\":1}]"},{"attribute":"parent_attributes_3","value":"[{\"name\":\"data-aura-rendered-by\", \"value\":\"319:0;p\", \"count\":1},{\"name\":\"data-aura-class\", \"value\":\"oneAppNavContainer\", \"count\":1},{\"name\":\"style\", \"value\":\"top: 81px;\", \"count\":1}]"},{"attribute":"default_pivot_marks_3","value":"[{\"tag\":\"div\", \"depth\":7, \"path\":\"body-42/div-0/div-2/section-11/div-5/\", \"width\":1440, \"height\":40, \"selector\":\"[\\\"div[data-aura-class\u003d\u0027oneAppNavContainer\u0027]\\\"]\", \"version\":\"5\", \"type\":\"element_identifier\", \"intersectionPivotMark\":{\"depthFromTrustableElement\":1, \"width\":1440, \"height\":40}},{\"tag\":\"div\", \"depth\":6, \"path\":\"body-42/div-0/div-2/section-11/\", \"width\":1440, \"height\":700, \"selector\":\"[\\\"div[data-aura-class\u003d\u0027navexStandardManager\u0027]\\\"]\", \"version\":\"5\", \"type\":\"element_identifier\", \"intersectionPivotMark\":{\"depthFromTrustableElement\":2, \"width\":1440, \"height\":700}},{\"tag\":\"div\", \"depth\":9, \"path\":\"body-42/div-0/div-2/section-11/div-8/div-0/div-3/\", \"width\":0, \"height\":0, \"selector\":\"[\\\"div[data-aura-class\u003d\u0027navexSplitViewWrapper\u0027]\\\"]\", \"version\":\"5\", \"type\":\"element_identifier\", \"intersectionPivotMark\":{\"tag\":\"div\", \"path\":\"body-42/div-0/div-2/section-11/\", \"width\":1440, \"height\":700, \"depthFromTrustableElement\":-3, \"depth\":6}},{\"tag\":\"div\", \"depth\":10, \"path\":\"body-42/div-0/div-2/section-11/div-8/div-0/div-3/div-2/\", \"width\":0, \"height\":0, \"selector\":\"[\\\"div[id\u003d\u0027sfdc-splitview-content\u0027]\\\"]\", \"version\":\"5\", \"type\":\"element_identifier\", \"intersectionPivotMark\":{\"tag\":\"div\", \"path\":\"body-42/div-0/div-2/section-11/\", \"width\":1440, \"height\":700, \"depthFromTrustableElement\":-4, \"depth\":6}},{\"tag\":\"div\", \"depth\":8, \"path\":\"body-42/div-0/div-2/section-11/div-8/div-1/\", \"width\":1440, \"height\":700, \"selector\":\"[\\\"div[role\u003d\u0027main\u0027]\\\"]\", \"version\":\"5\", \"type\":\"element_identifier\", \"intersectionPivotMark\":{\"tag\":\"div\", \"path\":\"body-42/div-0/div-2/section-11/\", \"width\":1440, \"height\":700, \"depthFromTrustableElement\":-2, \"depth\":6}},{\"tag\":\"div\", \"depth\":12, \"path\":\"body-42/div-0/div-2/section-11/div-8/div-1/div-0/div-1/div-1/div-1/\", \"width\":1416, \"height\":676, \"selector\":\"[\\\"div[data-aura-class\u003d\u0027lafSinglePaneWindowManager\u0027]\\\"]\", \"version\":\"5\", \"type\":\"element_identifier\", \"intersectionPivotMark\":{\"tag\":\"div\", \"path\":\"body-42/div-0/div-2/section-11/\", \"width\":1440, \"height\":700, \"depthFromTrustableElement\":-6, \"depth\":6}},{\"tag\":\"div\", \"depth\":14, \"path\":\"body-42/div-0/div-2/section-11/div-8/div-1/div-0/div-1/div-1/div-1/div-4/div-0/\", \"width\":1416, \"height\":1046, \"selector\":\"[\\\"div[data-aura-class\u003d\u0027homeLanding\u0027]\\\"]\", \"version\":\"5\", \"type\":\"element_identifier\", \"intersectionPivotMark\":{\"tag\":\"div\", \"path\":\"body-42/div-0/div-2/section-11/\", \"width\":1440, \"height\":700, \"depthFromTrustableElement\":-8, \"depth\":6}},{\"tag\":\"div\", \"depth\":15, \"path\":\"body-42/div-0/div-2/section-11/div-8/div-1/div-0/div-1/div-1/div-1/div-4/div-0/div-2/\", \"width\":1416, \"height\":1046, \"selector\":\"[\\\"div[data-aura-class\u003d\u0027flexipagePage\u0027]\\\"]\", \"version\":\"5\", \"type\":\"element_identifier\", \"intersectionPivotMark\":{\"tag\":\"div\", \"path\":\"body-42/div-0/div-2/section-11/\", \"width\":1440, \"height\":700, \"depthFromTrustableElement\":-9, \"depth\":6}},{\"tag\":\"div\", \"depth\":16, \"path\":\"body-42/div-0/div-2/section-11/div-8/div-1/div-0/div-1/div-1/div-1/div-4/div-0/div-2/div-0/\", \"width\":1416, \"height\":1046, \"selector\":\"[\\\"div[data-aura-class\u003d\u0027homeDesktopTemplate\u0027]\\\"]\", \"version\":\"5\", \"type\":\"element_identifier\", \"intersectionPivotMark\":{\"tag\":\"div\", \"path\":\"body-42/div-0/div-2/section-11/\", \"width\":1440, \"height\":700, \"depthFromTrustableElement\":-10, \"depth\":6}},{\"tag\":\"div\", \"depth\":20, \"path\":\"body-42/div-0/div-2/section-11/div-8/div-1/div-0/div-1/div-1/div-1/div-4/div-0/div-2/div-0/div-0/div-2/div-0/div-1/\", \"width\":460, \"height\":0, \"selector\":\"[\\\"div[data-component-id\u003d\u0027flexipage_reportChart\u0027]\\\",\\\"div[data-target-selection-name\u003d\u0027flexipage_reportChart\u0027]\\\"]\", \"version\":\"5\", \"type\":\"element_identifier\", \"intersectionPivotMark\":{\"tag\":\"div\", \"path\":\"body-42/div-0/div-2/section-11/\", \"width\":1440, \"height\":700, \"depthFromTrustableElement\":-14, \"depth\":6}}]"},{"attribute":"shadow_depth_2","value":"1"},{"attribute":"depth_2","value":"2"},{"attribute":"class_2","value":"slds-grid slds-has-flexi-truncate"},{"attribute":"parent-tag_2","value":"div"},{"attribute":"parent-class_2","value":"slds-context-bar"},{"attribute":"parent-data-target-selection-name_2","value":"e8a9ff40ce5544f6aaa1c98c67352401"},{"attribute":"parent-data-target-selection-internal_2","value":"true"},{"attribute":"parent-fontWeight_2","value":"400"},{"attribute":"parent-textDecoration_2","value":"none solid rgb(24, 24, 24)"},{"attribute":"sibling-class_2","value":"slds-context-bar__primary navLeft"},{"attribute":"sibling-text_2","value":"vBioPharma"},{"attribute":"sibling-fontWeight_2","value":"400"},{"attribute":"sibling-textDecoration_2","value":"none solid rgb(24, 24, 24)"},{"attribute":"fontWeight_2","value":"400"},{"attribute":"textDecoration_2","value":"none solid rgb(24, 24, 24)"},{"attribute":"width_2","value":"1252"},{"attribute":"height_2","value":"37"},{"attribute":"lightning_mark_2","value":"{\"lightning_app_version\":\"spring23\", \"page_info\":{\"pageName\":\"home\"}, \"panel_info\":{}, \"is_global\":true}"},{"attribute":"app_name_2","value":"LIGHTNING_APP"},{"attribute":"app_version_2","value":"5"},{"attribute":"element_attributes_2","value":"[{\"name\":\"one-appnavbar_appnavbar-host\", \"value\":\"\", \"count\":1}]"},{"attribute":"parent_attributes_2","value":"[{\"name\":\"data-target-selection-name\", \"value\":\"e8a9ff40ce5544f6aaa1c98c67352401\", \"count\":1},{\"name\":\"data-target-selection-internal\", \"value\":\"true\", \"count\":1}]"},{"attribute":"shadow_depth_1","value":"2"},{"attribute":"depth_1","value":"3"},{"attribute":"class_1","value":"navItem slds-context-bar__item slds-shrink-none"},{"attribute":"role_1","value":"listitem"},{"attribute":"data-id_1","value":"0KDU0000000IozQOAS"},{"attribute":"data-assistive-id_1","value":"operationId"},{"attribute":"data-target-selection-name_1","value":"sfdc:TabDefinition.MyAccounts"},{"attribute":"aria-hidden_1","value":"false"},{"attribute":"parent-tag_1","value":"div"},{"attribute":"parent-class_1","value":"slds-grid slds-has-flexi-truncate navUL"},{"attribute":"parent-role_1","value":"list"},{"attribute":"parent-aria-describedby_1","value":"operationId-10"},{"attribute":"parent-fontWeight_1","value":"400"},{"attribute":"parent-textDecoration_1","value":"none solid rgb(24, 24, 24)"},{"attribute":"sibling-class_1","value":"navItem slds-context-bar__item slds-shrink-none"},{"attribute":"sibling-role_1","value":"listitem"},{"attribute":"sibling-data-id_1","value":"0KDU0000000IozLOAS"},{"attribute":"sibling-data-assistive-id_1","value":"operationId"},{"attribute":"sibling-data-target-selection-name_1","value":"sfdc:TabDefinition.MySchedule"},{"attribute":"sibling-aria-hidden_1","value":"false"},{"attribute":"sibling-fontWeight_1","value":"400"},{"attribute":"sibling-textDecoration_1","value":"none solid rgb(24, 24, 24)"},{"attribute":"fontWeight_1","value":"400"},{"attribute":"textDecoration_1","value":"none solid rgb(24, 24, 24)"},{"attribute":"width_1","value":"102"},{"attribute":"height_1","value":"37"},{"attribute":"lightning_mark_1","value":"{\"lwc_marks\":[{\"shadow_depth\":1, \"selector\":\"a\", \"attribute\":\"href\", \"value\":\"/lightning/n/MyAccounts\", \"type\":\"attribute\", \"depth\":0, \"tag_name\":\"one-app-nav-bar-item-root\"}], \"is_global\":true}"},{"attribute":"app_name_1","value":"LIGHTNING_APP"},{"attribute":"app_version_1","value":"5"},{"attribute":"element_attributes_1","value":"[{\"name\":\"one-appnavbar_appnavbar\", \"value\":\"\", \"count\":17},{\"name\":\"data-id\", \"value\":\"0KDU0000000IozQOAS\", \"count\":1},{\"name\":\"data-assistive-id\", \"value\":\"operationId\", \"count\":8},{\"name\":\"data-target-selection-name\", \"value\":\"sfdc:TabDefinition.MyAccounts\", \"count\":1},{\"name\":\"aria-hidden\", \"value\":\"false\", \"count\":8},{\"name\":\"draggable\", \"value\":\"true\", \"count\":8},{\"name\":\"role\", \"value\":\"listitem\", \"count\":10}]"},{"attribute":"parent_attributes_1","value":"[{\"name\":\"one-appnavbar_appnavbar\", \"value\":\"\", \"count\":17},{\"name\":\"role\", \"value\":\"list\", \"count\":1},{\"name\":\"aria-describedby\", \"value\":\"operationId-10\", \"count\":1}]"},{"attribute":"default_pivot_marks_1","value":"[{\"tag\":\"nav\", \"depth\":1, \"path\":\"shadow-3/\", \"width\":1252, \"height\":37, \"selector\":\"[\\\"nav[role\u003d\u0027navigation\u0027]\\\"]\", \"version\":\"5\", \"type\":\"element_identifier\", \"intersectionPivotMark\":{\"depthFromTrustableElement\":2, \"width\":1252, \"height\":37}}]"},{"attribute":"accessibility_tree_selector_1","value":"[role\u003d\u0027navigation\u0027] [role\u003d\u0027list\u0027] [role\u003d\u0027listitem\u0027]"},{"attribute":"shadow_depth","value":"3"},{"attribute":"depth","value":"1"},{"attribute":"href","value":"/lightning/n/MyAccounts"},{"attribute":"title","value":"My Accounts"},{"attribute":"text","value":"My Accounts"},{"attribute":"class","value":"slds-context-bar__label-action dndItem"},{"attribute":"aria-current","value":"false"},{"attribute":"child-first-tag","value":"span"},{"attribute":"child-count","value":"1"},{"attribute":"child-first-class","value":"slds-truncate"},{"attribute":"child-first-text","value":"My Accounts"},{"attribute":"child-first-fontWeight","value":"400"},{"attribute":"child-first-textDecoration","value":"none solid rgb(24, 24, 24)"},{"attribute":"fontWeight","value":"400"},{"attribute":"textDecoration","value":"none solid rgb(24, 24, 24)"},{"attribute":"width","value":"102"},{"attribute":"height","value":"37"},{"attribute":"lightning_mark","value":"{\"lightning_app_version\":\"spring23\", \"page_info\":{\"pageName\":\"home\"}, \"panel_info\":{}, \"is_global\":true}"},{"attribute":"app_name","value":"LIGHTNING_APP"},{"attribute":"app_version","value":"5"},{"attribute":"element_attributes","value":"[{\"name\":\"href\", \"value\":\"/lightning/n/MyAccounts\", \"count\":1},{\"name\":\"title\", \"value\":\"My Accounts\", \"count\":1},{\"name\":\"tabindex\", \"value\":\"0\", \"count\":1},{\"name\":\"draggable\", \"value\":\"false\", \"count\":1},{\"name\":\"aria-current\", \"value\":\"false\", \"count\":1},{\"name\":\"text\", \"value\":\"My Accounts\", \"count\":1}]"},{"attribute":"default_selector","value":"[\"a[href\u003d\u0027/lightning/n/MyAccounts\u0027]\"]"},{"attribute":"accessibility_tree_selector","value":"a"},{"attribute":"visual_marks","value":"{\"screen_resoution_height\":900, \"screen_resoution_width\":1440, \"website_height\":1179, \"website_width\":1440, \"style_marks\":[{\"height\":37, \"width\":102, \"position_x\":248, \"position_y\":81, \"computed_style\":{\"alignContent\":\"center\", \"alignItems\":\"center\", \"blockSize\":\"37px\", \"cursor\":\"pointer\", \"display\":\"flex\", \"flex\":\"1 1 auto\", \"flexGrow\":\"1\", \"height\":\"37px\", \"inlineSize\":\"102.422px\", \"listStyle\":\"outside none none\", \"listStyleType\":\"none\", \"minBlockSize\":\"auto\", \"minHeight\":\"auto\", \"minInlineSize\":\"0%\", \"minWidth\":\"0%\", \"padding\":\"0px 12px\", \"paddingInline\":\"12px\", \"paddingInlineEnd\":\"12px\", \"paddingInlineStart\":\"12px\", \"paddingLeft\":\"12px\", \"paddingRight\":\"12px\", \"perspectiveOrigin\":\"51.2109px 18.5px\", \"placeContent\":\"center normal\", \"placeItems\":\"center normal\", \"transformOrigin\":\"51.2109px 18.5px\", \"transition\":\"color 0.1s linear 0s\", \"transitionDuration\":\"0.1s\", \"transitionProperty\":\"color\", \"transitionTimingFunction\":\"linear\", \"userSelect\":\"none\", \"webkitAlignContent\":\"center\", \"webkitAlignItems\":\"center\", \"webkitFlex\":\"1 1 auto\", \"webkitFlexGrow\":\"1\", \"webkitLogicalHeight\":\"37px\", \"webkitLogicalWidth\":\"102.422px\", \"webkitMinLogicalHeight\":\"auto\", \"webkitMinLogicalWidth\":\"0%\", \"webkitPaddingEnd\":\"12px\", \"webkitPaddingStart\":\"12px\", \"webkitPerspectiveOrigin\":\"51.2109px 18.5px\", \"webkitTransformOrigin\":\"51.2109px 18.5px\", \"webkitTransition\":\"color 0.1s linear 0s\", \"webkitTransitionDuration\":\"0.1s\", \"webkitTransitionProperty\":\"color\", \"webkitTransitionTimingFunction\":\"linear\", \"webkitUserDrag\":\"none\", \"webkitUserSelect\":\"none\", \"whiteSpace\":\"nowrap\", \"width\":\"102.422px\", \"zIndex\":\"1\"}}]}"},{"attribute":"lang","value":"en-US"}],"type":"flow","step_2_top":81,"step_1_width":102,"step_4_finder_sub_ver":2,"step_4_key":1675098555629,"step_2_image1_placement":"b","step_4_creation_time":1675098555629,"published_at":1675165303718,"step_3_description_md":"Click \u0027My Samples\u0027 to have a view of your samples in here","step_4_image_height":821,"goal":"","step_4_left":712,"step_3_image_height":821,"step_4_image_creation_time":1675098396401,"step_2_parent_page_tags":[],"step_2_zoom":1.0,"step_3_image2_top":81,"step_2_url":"aHR0cHM6Ly9qYW5zc2VuLS1kZXZzYmRpLnNhbmRib3gubGlnaHRuaW5nLmZvcmNlLmNvbS9saWdodG5pbmcvcGFnZS9ob21l","step_1_spotlight":0,"step_2_image2_placement":"b","ups":0,"step_1_finder_ver":11,"step_2_action":0,"step_2_tag":"a","step_4_image2_crop_left":561,"step_2_image2_left":149,"step_4_image2_left":151,"step_3_completion_actions":[0],"step_1_completion_actions":[0],"step_1_image2_left":149,"step_4_image1_top":81,"step_4_input":"","step_2_placement":"b","step_1_image1_crop_left":0,"step_2_spotlight":0,"step_3_image2_left":151,"current_branch_targets":[],"step_1_image2_placement":"b","step_3_height":37,"step_1_image1_crop_top":0,"step_4_parent_marks":[],"step_2_update_time":1675098555627,"step_1_update_time":1675098555626,"url":"aHR0cHM6Ly9qYW5zc2VuLS1kZXZzYmRpLnNhbmRib3gubGlnaHRuaW5nLmZvcmNlLmNvbS9saWdodG5pbmcvcGFnZS9ob21l","step_4_update_time":1675098555629,"step_2_left":350,"step_4_image1_crop_top":0,"step_2_image2_crop_top":0,"step_3_update_time":1675098555628,"runs":0,"step_2_optional":false,"step_2_image1_crop_top":0,"step_4_spotlight":0,"step_1_image1_placement":"b","step_1_key":1675098555626,"flow_id":"8ab39d3a-c2cd-4918-84e6-3afc9ba28d57","step_3_input":"","host":"-","step_3_url":"aHR0cHM6Ly9qYW5zc2VuLS1kZXZzYmRpLnNhbmRib3gubGlnaHRuaW5nLmZvcmNlLmNvbS9saWdodG5pbmcvcGFnZS9ob21l","step_3_finder_ver":11,"step_4_page_tags":["ef6be1f8-e994-4777-aaa3-4c0324a59925"],"step_4_image1_crop_left":461,"downs":0,"step_1_auto_execute_action":-1,"step_4_optional":false,"step_3_image2_crop_top":0,"steps":4,"step_2_auto_execute_action":-1,"step_2_marks":[{"attribute":"tag","value":"a"},{"attribute":"path","value":"shadow-0/"},{"attribute":"tag_1","value":"one-app-nav-bar-item-root"},{"attribute":"path_1","value":"shadow-3/nav-0/div-2/"},{"attribute":"tag_2","value":"one-app-nav-bar"},{"attribute":"path_2","value":"shadow-0/div-1/"},{"attribute":"tag_3","value":"one-appnav"},{"attribute":"path_3","value":"body-42/div-0/div-2/section-11/div-5/div-0/"},{"attribute":"depth_3","value":"8"},{"attribute":"data-data-rendering-service-uid_3","value":"142"},{"attribute":"data-aura-rendered-by_3","value":"261:0"},{"attribute":"parent-tag_3","value":"div"},{"attribute":"parent-class_3","value":"slds-no-print oneAppNavContainer"},{"attribute":"parent-data-aura-rendered-by_3","value":"319:0;p"},{"attribute":"parent-data-aura-class_3","value":"oneAppNavContainer"},{"attribute":"parent-fontWeight_3","value":"400"},{"attribute":"parent-textDecoration_3","value":"none solid rgb(24, 24, 24)"},{"attribute":"fontWeight_3","value":"400"},{"attribute":"textDecoration_3","value":"none solid rgb(24, 24, 24)"},{"attribute":"width_3","value":"1440"},{"attribute":"height_3","value":"40"},{"attribute":"lightning_mark_3","value":"{\"lightning_app_version\":\"spring23\", \"page_info\":{\"pageName\":\"home\"}, \"panel_info\":{}, \"is_global\":true, \"path\":\"div-0/\", \"components\":[{\"value_provider_type\":\"one:appNavContainer\", \"component_type\":\"aura:html\", \"tag_name\":\"div\"},{\"value_provider_type\":\"navex:standardManager\", \"component_type\":\"aura:html\", \"tag_name\":\"div\"},{\"value_provider_type\":\"navex:desktopLayoutContainer\", \"component_type\":\"aura:html\", \"tag_name\":\"div\"}]}"},{"attribute":"app_name_3","value":"LIGHTNING_APP"},{"attribute":"app_version_3","value":"5"},{"attribute":"element_attributes_3","value":"[{\"name\":\"data-data-rendering-service-uid\", \"value\":\"142\", \"count\":1},{\"name\":\"data-aura-rendered-by\", \"value\":\"261:0\", \"count\":1}]"},{"attribute":"parent_attributes_3","value":"[{\"name\":\"data-aura-rendered-by\", \"value\":\"319:0;p\", \"count\":1},{\"name\":\"data-aura-class\", \"value\":\"oneAppNavContainer\", \"count\":1},{\"name\":\"style\", \"value\":\"top: 81px;\", \"count\":1}]"},{"attribute":"default_pivot_marks_3","value":"[{\"tag\":\"div\", \"depth\":7, \"path\":\"body-42/div-0/div-2/section-11/div-5/\", \"width\":1440, \"height\":40, \"selector\":\"[\\\"div[data-aura-class\u003d\u0027oneAppNavContainer\u0027]\\\"]\", \"version\":\"5\", \"type\":\"element_identifier\", \"intersectionPivotMark\":{\"depthFromTrustableElement\":1, \"width\":1440, \"height\":40}},{\"tag\":\"div\", \"depth\":6, \"path\":\"body-42/div-0/div-2/section-11/\", \"width\":1440, \"height\":700, \"selector\":\"[\\\"div[data-aura-class\u003d\u0027navexStandardManager\u0027]\\\"]\", \"version\":\"5\", \"type\":\"element_identifier\", \"intersectionPivotMark\":{\"depthFromTrustableElement\":2, \"width\":1440, \"height\":700}},{\"tag\":\"div\", \"depth\":9, \"path\":\"body-42/div-0/div-2/section-11/div-8/div-0/div-3/\", \"width\":0, \"height\":0, \"selector\":\"[\\\"div[data-aura-class\u003d\u0027navexSplitViewWrapper\u0027]\\\"]\", \"version\":\"5\", \"type\":\"element_identifier\", \"intersectionPivotMark\":{\"tag\":\"div\", \"path\":\"body-42/div-0/div-2/section-11/\", \"width\":1440, \"height\":700, \"depthFromTrustableElement\":-3, \"depth\":6}},{\"tag\":\"div\", \"depth\":10, \"path\":\"body-42/div-0/div-2/section-11/div-8/div-0/div-3/div-2/\", \"width\":0, \"height\":0, \"selector\":\"[\\\"div[id\u003d\u0027sfdc-splitview-content\u0027]\\\"]\", \"version\":\"5\", \"type\":\"element_identifier\", \"intersectionPivotMark\":{\"tag\":\"div\", \"path\":\"body-42/div-0/div-2/section-11/\", \"width\":1440, \"height\":700, \"depthFromTrustableElement\":-4, \"depth\":6}},{\"tag\":\"div\", \"depth\":8, \"path\":\"body-42/div-0/div-2/section-11/div-8/div-1/\", \"width\":1440, \"height\":700, \"selector\":\"[\\\"div[role\u003d\u0027main\u0027]\\\"]\", \"version\":\"5\", \"type\":\"element_identifier\", \"intersectionPivotMark\":{\"tag\":\"div\", \"path\":\"body-42/div-0/div-2/section-11/\", \"width\":1440, \"height\":700, \"depthFromTrustableElement\":-2, \"depth\":6}},{\"tag\":\"div\", \"depth\":12, \"path\":\"body-42/div-0/div-2/section-11/div-8/div-1/div-0/div-1/div-1/div-1/\", \"width\":1416, \"height\":676, \"selector\":\"[\\\"div[data-aura-class\u003d\u0027lafSinglePaneWindowManager\u0027]\\\"]\", \"version\":\"5\", \"type\":\"element_identifier\", \"intersectionPivotMark\":{\"tag\":\"div\", \"path\":\"body-42/div-0/div-2/section-11/\", \"width\":1440, \"height\":700, \"depthFromTrustableElement\":-6, \"depth\":6}},{\"tag\":\"div\", \"depth\":14, \"path\":\"body-42/div-0/div-2/section-11/div-8/div-1/div-0/div-1/div-1/div-1/div-4/div-0/\", \"width\":1416, \"height\":1046, \"selector\":\"[\\\"div[data-aura-class\u003d\u0027homeLanding\u0027]\\\"]\", \"version\":\"5\", \"type\":\"element_identifier\", \"intersectionPivotMark\":{\"tag\":\"div\", \"path\":\"body-42/div-0/div-2/section-11/\", \"width\":1440, \"height\":700, \"depthFromTrustableElement\":-8, \"depth\":6}},{\"tag\":\"div\", \"depth\":15, \"path\":\"body-42/div-0/div-2/section-11/div-8/div-1/div-0/div-1/div-1/div-1/div-4/div-0/div-2/\", \"width\":1416, \"height\":1046, \"selector\":\"[\\\"div[data-aura-class\u003d\u0027flexipagePage\u0027]\\\"]\", \"version\":\"5\", \"type\":\"element_identifier\", \"intersectionPivotMark\":{\"tag\":\"div\", \"path\":\"body-42/div-0/div-2/section-11/\", \"width\":1440, \"height\":700, \"depthFromTrustableElement\":-9, \"depth\":6}},{\"tag\":\"div\", \"depth\":16, \"path\":\"body-42/div-0/div-2/section-11/div-8/div-1/div-0/div-1/div-1/div-1/div-4/div-0/div-2/div-0/\", \"width\":1416, \"height\":1046, \"selector\":\"[\\\"div[data-aura-class\u003d\u0027homeDesktopTemplate\u0027]\\\"]\", \"version\":\"5\", \"type\":\"element_identifier\", \"intersectionPivotMark\":{\"tag\":\"div\", \"path\":\"body-42/div-0/div-2/section-11/\", \"width\":1440, \"height\":700, \"depthFromTrustableElement\":-10, \"depth\":6}},{\"tag\":\"div\", \"depth\":20, \"path\":\"body-42/div-0/div-2/section-11/div-8/div-1/div-0/div-1/div-1/div-1/div-4/div-0/div-2/div-0/div-0/div-2/div-0/div-1/\", \"width\":460, \"height\":0, \"selector\":\"[\\\"div[data-component-id\u003d\u0027flexipage_reportChart\u0027]\\\",\\\"div[data-target-selection-name\u003d\u0027flexipage_reportChart\u0027]\\\"]\", \"version\":\"5\", \"type\":\"element_identifier\", \"intersectionPivotMark\":{\"tag\":\"div\", \"path\":\"body-42/div-0/div-2/section-11/\", \"width\":1440, \"height\":700, \"depthFromTrustableElement\":-14, \"depth\":6}}]"},{"attribute":"shadow_depth_2","value":"1"},{"attribute":"depth_2","value":"2"},{"attribute":"class_2","value":"slds-grid slds-has-flexi-truncate"},{"attribute":"parent-tag_2","value":"div"},{"attribute":"parent-class_2","value":"slds-context-bar"},{"attribute":"parent-data-target-selection-name_2","value":"e8a9ff40ce5544f6aaa1c98c67352401"},{"attribute":"parent-data-target-selection-internal_2","value":"true"},{"attribute":"parent-fontWeight_2","value":"400"},{"attribute":"parent-textDecoration_2","value":"none solid rgb(24, 24, 24)"},{"attribute":"sibling-class_2","value":"slds-context-bar__primary navLeft"},{"attribute":"sibling-text_2","value":"vBioPharma"},{"attribute":"sibling-fontWeight_2","value":"400"},{"attribute":"sibling-textDecoration_2","value":"none solid rgb(24, 24, 24)"},{"attribute":"fontWeight_2","value":"400"},{"attribute":"textDecoration_2","value":"none solid rgb(24, 24, 24)"},{"attribute":"width_2","value":"1252"},{"attribute":"height_2","value":"37"},{"attribute":"lightning_mark_2","value":"{\"lightning_app_version\":\"spring23\", \"page_info\":{\"pageName\":\"home\"}, \"panel_info\":{}, \"is_global\":true}"},{"attribute":"app_name_2","value":"LIGHTNING_APP"},{"attribute":"app_version_2","value":"5"},{"attribute":"element_attributes_2","value":"[{\"name\":\"one-appnavbar_appnavbar-host\", \"value\":\"\", \"count\":1}]"},{"attribute":"parent_attributes_2","value":"[{\"name\":\"data-target-selection-name\", \"value\":\"e8a9ff40ce5544f6aaa1c98c67352401\", \"count\":1},{\"name\":\"data-target-selection-internal\", \"value\":\"true\", \"count\":1}]"},{"attribute":"shadow_depth_1","value":"2"},{"attribute":"depth_1","value":"3"},{"attribute":"class_1","value":"navItem slds-context-bar__item slds-shrink-none"},{"attribute":"role_1","value":"listitem"},{"attribute":"data-id_1","value":"0KDU0000000IozLOAS"},{"attribute":"data-assistive-id_1","value":"operationId"},{"attribute":"data-target-selection-name_1","value":"sfdc:TabDefinition.MySchedule"},{"attribute":"aria-hidden_1","value":"false"},{"attribute":"parent-tag_1","value":"div"},{"attribute":"parent-class_1","value":"slds-grid slds-has-flexi-truncate navUL"},{"attribute":"parent-role_1","value":"list"},{"attribute":"parent-aria-describedby_1","value":"operationId-10"},{"attribute":"parent-fontWeight_1","value":"400"},{"attribute":"parent-textDecoration_1","value":"none solid rgb(24, 24, 24)"},{"attribute":"sibling-class_1","value":"navItem slds-context-bar__item slds-shrink-none"},{"attribute":"sibling-role_1","value":"listitem"},{"attribute":"sibling-data-id_1","value":"0KDU0000000IozSOAS"},{"attribute":"sibling-data-assistive-id_1","value":"operationId"},{"attribute":"sibling-data-target-selection-name_1","value":"sfdc:TabDefinition.MySamples"},{"attribute":"sibling-aria-hidden_1","value":"false"},{"attribute":"sibling-fontWeight_1","value":"400"},{"attribute":"sibling-textDecoration_1","value":"none solid rgb(24, 24, 24)"},{"attribute":"fontWeight_1","value":"400"},{"attribute":"textDecoration_1","value":"none solid rgb(24, 24, 24)"},{"attribute":"width_1","value":"102"},{"attribute":"height_1","value":"37"},{"attribute":"lightning_mark_1","value":"{\"lwc_marks\":[{\"shadow_depth\":1, \"selector\":\"a\", \"attribute\":\"href\", \"value\":\"/lightning/n/MySchedule\", \"type\":\"attribute\", \"depth\":0, \"tag_name\":\"one-app-nav-bar-item-root\"}], \"is_global\":true}"},{"attribute":"app_name_1","value":"LIGHTNING_APP"},{"attribute":"app_version_1","value":"5"},{"attribute":"element_attributes_1","value":"[{\"name\":\"one-appnavbar_appnavbar\", \"value\":\"\", \"count\":17},{\"name\":\"data-id\", \"value\":\"0KDU0000000IozLOAS\", \"count\":1},{\"name\":\"data-assistive-id\", \"value\":\"operationId\", \"count\":8},{\"name\":\"data-target-selection-name\", \"value\":\"sfdc:TabDefinition.MySchedule\", \"count\":1},{\"name\":\"aria-hidden\", \"value\":\"false\", \"count\":8},{\"name\":\"draggable\", \"value\":\"true\", \"count\":8},{\"name\":\"role\", \"value\":\"listitem\", \"count\":10}]"},{"attribute":"parent_attributes_1","value":"[{\"name\":\"one-appnavbar_appnavbar\", \"value\":\"\", \"count\":17},{\"name\":\"role\", \"value\":\"list\", \"count\":1},{\"name\":\"aria-describedby\", \"value\":\"operationId-10\", \"count\":1}]"},{"attribute":"default_pivot_marks_1","value":"[{\"tag\":\"nav\", \"depth\":1, \"path\":\"shadow-3/\", \"width\":1252, \"height\":37, \"selector\":\"[\\\"nav[role\u003d\u0027navigation\u0027]\\\"]\", \"version\":\"5\", \"type\":\"element_identifier\", \"intersectionPivotMark\":{\"depthFromTrustableElement\":2, \"width\":1252, \"height\":37}}]"},{"attribute":"accessibility_tree_selector_1","value":"[role\u003d\u0027navigation\u0027] [role\u003d\u0027list\u0027] [role\u003d\u0027listitem\u0027]"},{"attribute":"shadow_depth","value":"3"},{"attribute":"depth","value":"1"},{"attribute":"href","value":"/lightning/n/MySchedule"},{"attribute":"title","value":"My Schedule"},{"attribute":"text","value":"My Schedule"},{"attribute":"class","value":"slds-context-bar__label-action dndItem"},{"attribute":"aria-current","value":"false"},{"attribute":"child-first-tag","value":"span"},{"attribute":"child-count","value":"1"},{"attribute":"child-first-class","value":"slds-truncate"},{"attribute":"child-first-text","value":"My Schedule"},{"attribute":"child-first-fontWeight","value":"400"},{"attribute":"child-first-textDecoration","value":"none solid rgb(24, 24, 24)"},{"attribute":"fontWeight","value":"400"},{"attribute":"textDecoration","value":"none solid rgb(24, 24, 24)"},{"attribute":"width","value":"102"},{"attribute":"height","value":"37"},{"attribute":"lightning_mark","value":"{\"lightning_app_version\":\"spring23\", \"page_info\":{\"pageName\":\"home\"}, \"panel_info\":{}, \"is_global\":true}"},{"attribute":"app_name","value":"LIGHTNING_APP"},{"attribute":"app_version","value":"5"},{"attribute":"element_attributes","value":"[{\"name\":\"href\", \"value\":\"/lightning/n/MySchedule\", \"count\":1},{\"name\":\"title\", \"value\":\"My Schedule\", \"count\":1},{\"name\":\"tabindex\", \"value\":\"0\", \"count\":1},{\"name\":\"draggable\", \"value\":\"false\", \"count\":1},{\"name\":\"aria-current\", \"value\":\"false\", \"count\":1},{\"name\":\"text\", \"value\":\"My Schedule\", \"count\":1}]"},{"attribute":"default_selector","value":"[\"a[href\u003d\u0027/lightning/n/MySchedule\u0027]\"]"},{"attribute":"accessibility_tree_selector","value":"a"},{"attribute":"visual_marks","value":"{\"screen_resoution_height\":900, \"screen_resoution_width\":1440, \"website_height\":1179, \"website_width\":1440, \"style_marks\":[{\"height\":37, \"width\":102, \"position_x\":350, \"position_y\":81, \"computed_style\":{\"alignContent\":\"center\", \"alignItems\":\"center\", \"blockSize\":\"37px\", \"cursor\":\"pointer\", \"display\":\"flex\", \"flex\":\"1 1 auto\", \"flexGrow\":\"1\", \"height\":\"37px\", \"inlineSize\":\"102.164px\", \"listStyle\":\"outside none none\", \"listStyleType\":\"none\", \"minBlockSize\":\"auto\", \"minHeight\":\"auto\", \"minInlineSize\":\"0%\", \"minWidth\":\"0%\", \"padding\":\"0px 12px\", \"paddingInline\":\"12px\", \"paddingInlineEnd\":\"12px\", \"paddingInlineStart\":\"12px\", \"paddingLeft\":\"12px\", \"paddingRight\":\"12px\", \"perspectiveOrigin\":\"51.0781px 18.5px\", \"placeContent\":\"center normal\", \"placeItems\":\"center normal\", \"transformOrigin\":\"51.082px 18.5px\", \"transition\":\"color 0.1s linear 0s\", \"transitionDuration\":\"0.1s\", \"transitionProperty\":\"color\", \"transitionTimingFunction\":\"linear\", \"userSelect\":\"none\", \"webkitAlignContent\":\"center\", \"webkitAlignItems\":\"center\", \"webkitFlex\":\"1 1 auto\", \"webkitFlexGrow\":\"1\", \"webkitLogicalHeight\":\"37px\", \"webkitLogicalWidth\":\"102.164px\", \"webkitMinLogicalHeight\":\"auto\", \"webkitMinLogicalWidth\":\"0%\", \"webkitPaddingEnd\":\"12px\", \"webkitPaddingStart\":\"12px\", \"webkitPerspectiveOrigin\":\"51.0781px 18.5px\", \"webkitTransformOrigin\":\"51.082px 18.5px\", \"webkitTransition\":\"color 0.1s linear 0s\", \"webkitTransitionDuration\":\"0.1s\", \"webkitTransitionProperty\":\"color\", \"webkitTransitionTimingFunction\":\"linear\", \"webkitUserDrag\":\"none\", \"webkitUserSelect\":\"none\", \"whiteSpace\":\"nowrap\", \"width\":\"102.164px\", \"zIndex\":\"1\"}}]}"},{"attribute":"lang","value":"en-US"}],"step_3_image1_top":81,"step_1_image_height":821,"step_3_top":81,"step_1_action":0,"step_1_image1_top":81,"step_3_auto_execute_action":-1,"step_4_action":0,"step_2_description_md":"Click \u0027My Schedule\u0027 to check you schedule","step_3_marks":[{"attribute":"tag","value":"a"},{"attribute":"path","value":"shadow-0/"},{"attribute":"tag_1","value":"one-app-nav-bar-item-root"},{"attribute":"path_1","value":"shadow-3/nav-0/div-3/"},{"attribute":"tag_2","value":"one-app-nav-bar"},{"attribute":"path_2","value":"shadow-0/div-1/"},{"attribute":"tag_3","value":"one-appnav"},{"attribute":"path_3","value":"body-42/div-0/div-2/section-11/div-5/div-0/"},{"attribute":"depth_3","value":"8"},{"attribute":"data-data-rendering-service-uid_3","value":"142"},{"attribute":"data-aura-rendered-by_3","value":"261:0"},{"attribute":"parent-tag_3","value":"div"},{"attribute":"parent-class_3","value":"slds-no-print oneAppNavContainer"},{"attribute":"parent-data-aura-rendered-by_3","value":"319:0;p"},{"attribute":"parent-data-aura-class_3","value":"oneAppNavContainer"},{"attribute":"parent-fontWeight_3","value":"400"},{"attribute":"parent-textDecoration_3","value":"none solid rgb(24, 24, 24)"},{"attribute":"fontWeight_3","value":"400"},{"attribute":"textDecoration_3","value":"none solid rgb(24, 24, 24)"},{"attribute":"width_3","value":"1440"},{"attribute":"height_3","value":"40"},{"attribute":"lightning_mark_3","value":"{\"lightning_app_version\":\"spring23\", \"page_info\":{\"pageName\":\"home\"}, \"panel_info\":{}, \"is_global\":true, \"path\":\"div-0/\", \"components\":[{\"value_provider_type\":\"one:appNavContainer\", \"component_type\":\"aura:html\", \"tag_name\":\"div\"},{\"value_provider_type\":\"navex:standardManager\", \"component_type\":\"aura:html\", \"tag_name\":\"div\"},{\"value_provider_type\":\"navex:desktopLayoutContainer\", \"component_type\":\"aura:html\", \"tag_name\":\"div\"}]}"},{"attribute":"app_name_3","value":"LIGHTNING_APP"},{"attribute":"app_version_3","value":"5"},{"attribute":"element_attributes_3","value":"[{\"name\":\"data-data-rendering-service-uid\", \"value\":\"142\", \"count\":1},{\"name\":\"data-aura-rendered-by\", \"value\":\"261:0\", \"count\":1}]"},{"attribute":"parent_attributes_3","value":"[{\"name\":\"data-aura-rendered-by\", \"value\":\"319:0;p\", \"count\":1},{\"name\":\"data-aura-class\", \"value\":\"oneAppNavContainer\", \"count\":1},{\"name\":\"style\", \"value\":\"top: 81px;\", \"count\":1}]"},{"attribute":"default_pivot_marks_3","value":"[{\"tag\":\"div\", \"depth\":7, \"path\":\"body-42/div-0/div-2/section-11/div-5/\", \"width\":1440, \"height\":40, \"selector\":\"[\\\"div[data-aura-class\u003d\u0027oneAppNavContainer\u0027]\\\"]\", \"version\":\"5\", \"type\":\"element_identifier\", \"intersectionPivotMark\":{\"depthFromTrustableElement\":1, \"width\":1440, \"height\":40}},{\"tag\":\"div\", \"depth\":6, \"path\":\"body-42/div-0/div-2/section-11/\", \"width\":1440, \"height\":700, \"selector\":\"[\\\"div[data-aura-class\u003d\u0027navexStandardManager\u0027]\\\"]\", \"version\":\"5\", \"type\":\"element_identifier\", \"intersectionPivotMark\":{\"depthFromTrustableElement\":2, \"width\":1440, \"height\":700}},{\"tag\":\"div\", \"depth\":9, \"path\":\"body-42/div-0/div-2/section-11/div-8/div-0/div-3/\", \"width\":0, \"height\":0, \"selector\":\"[\\\"div[data-aura-class\u003d\u0027navexSplitViewWrapper\u0027]\\\"]\", \"version\":\"5\", \"type\":\"element_identifier\", \"intersectionPivotMark\":{\"tag\":\"div\", \"path\":\"body-42/div-0/div-2/section-11/\", \"width\":1440, \"height\":700, \"depthFromTrustableElement\":-3, \"depth\":6}},{\"tag\":\"div\", \"depth\":10, \"path\":\"body-42/div-0/div-2/section-11/div-8/div-0/div-3/div-2/\", \"width\":0, \"height\":0, \"selector\":\"[\\\"div[id\u003d\u0027sfdc-splitview-content\u0027]\\\"]\", \"version\":\"5\", \"type\":\"element_identifier\", \"intersectionPivotMark\":{\"tag\":\"div\", \"path\":\"body-42/div-0/div-2/section-11/\", \"width\":1440, \"height\":700, \"depthFromTrustableElement\":-4, \"depth\":6}},{\"tag\":\"div\", \"depth\":8, \"path\":\"body-42/div-0/div-2/section-11/div-8/div-1/\", \"width\":1440, \"height\":700, \"selector\":\"[\\\"div[role\u003d\u0027main\u0027]\\\"]\", \"version\":\"5\", \"type\":\"element_identifier\", \"intersectionPivotMark\":{\"tag\":\"div\", \"path\":\"body-42/div-0/div-2/section-11/\", \"width\":1440, \"height\":700, \"depthFromTrustableElement\":-2, \"depth\":6}},{\"tag\":\"div\", \"depth\":12, \"path\":\"body-42/div-0/div-2/section-11/div-8/div-1/div-0/div-1/div-1/div-1/\", \"width\":1416, \"height\":676, \"selector\":\"[\\\"div[data-aura-class\u003d\u0027lafSinglePaneWindowManager\u0027]\\\"]\", \"version\":\"5\", \"type\":\"element_identifier\", \"intersectionPivotMark\":{\"tag\":\"div\", \"path\":\"body-42/div-0/div-2/section-11/\", \"width\":1440, \"height\":700, \"depthFromTrustableElement\":-6, \"depth\":6}},{\"tag\":\"div\", \"depth\":14, \"path\":\"body-42/div-0/div-2/section-11/div-8/div-1/div-0/div-1/div-1/div-1/div-4/div-0/\", \"width\":1416, \"height\":1046, \"selector\":\"[\\\"div[data-aura-class\u003d\u0027homeLanding\u0027]\\\"]\", \"version\":\"5\", \"type\":\"element_identifier\", \"intersectionPivotMark\":{\"tag\":\"div\", \"path\":\"body-42/div-0/div-2/section-11/\", \"width\":1440, \"height\":700, \"depthFromTrustableElement\":-8, \"depth\":6}},{\"tag\":\"div\", \"depth\":15, \"path\":\"body-42/div-0/div-2/section-11/div-8/div-1/div-0/div-1/div-1/div-1/div-4/div-0/div-2/\", \"width\":1416, \"height\":1046, \"selector\":\"[\\\"div[data-aura-class\u003d\u0027flexipagePage\u0027]\\\"]\", \"version\":\"5\", \"type\":\"element_identifier\", \"intersectionPivotMark\":{\"tag\":\"div\", \"path\":\"body-42/div-0/div-2/section-11/\", \"width\":1440, \"height\":700, \"depthFromTrustableElement\":-9, \"depth\":6}},{\"tag\":\"div\", \"depth\":16, \"path\":\"body-42/div-0/div-2/section-11/div-8/div-1/div-0/div-1/div-1/div-1/div-4/div-0/div-2/div-0/\", \"width\":1416, \"height\":1046, \"selector\":\"[\\\"div[data-aura-class\u003d\u0027homeDesktopTemplate\u0027]\\\"]\", \"version\":\"5\", \"type\":\"element_identifier\", \"intersectionPivotMark\":{\"tag\":\"div\", \"path\":\"body-42/div-0/div-2/section-11/\", \"width\":1440, \"height\":700, \"depthFromTrustableElement\":-10, \"depth\":6}},{\"tag\":\"div\", \"depth\":20, \"path\":\"body-42/div-0/div-2/section-11/div-8/div-1/div-0/div-1/div-1/div-1/div-4/div-0/div-2/div-0/div-0/div-2/div-0/div-1/\", \"width\":460, \"height\":0, \"selector\":\"[\\\"div[data-component-id\u003d\u0027flexipage_reportChart\u0027]\\\",\\\"div[data-target-selection-name\u003d\u0027flexipage_reportChart\u0027]\\\"]\", \"version\":\"5\", \"type\":\"element_identifier\", \"intersectionPivotMark\":{\"tag\":\"div\", \"path\":\"body-42/div-0/div-2/section-11/\", \"width\":1440, \"height\":700, \"depthFromTrustableElement\":-14, \"depth\":6}}]"},{"attribute":"shadow_depth_2","value":"1"},{"attribute":"depth_2","value":"2"},{"attribute":"class_2","value":"slds-grid slds-has-flexi-truncate"},{"attribute":"parent-tag_2","value":"div"},{"attribute":"parent-class_2","value":"slds-context-bar"},{"attribute":"parent-data-target-selection-name_2","value":"e8a9ff40ce5544f6aaa1c98c67352401"},{"attribute":"parent-data-target-selection-internal_2","value":"true"},{"attribute":"parent-fontWeight_2","value":"400"},{"attribute":"parent-textDecoration_2","value":"none solid rgb(24, 24, 24)"},{"attribute":"sibling-class_2","value":"slds-context-bar__primary navLeft"},{"attribute":"sibling-text_2","value":"vBioPharma"},{"attribute":"sibling-fontWeight_2","value":"400"},{"attribute":"sibling-textDecoration_2","value":"none solid rgb(24, 24, 24)"},{"attribute":"fontWeight_2","value":"400"},{"attribute":"textDecoration_2","value":"none solid rgb(24, 24, 24)"},{"attribute":"width_2","value":"1252"},{"attribute":"height_2","value":"37"},{"attribute":"lightning_mark_2","value":"{\"lightning_app_version\":\"spring23\", \"page_info\":{\"pageName\":\"home\"}, \"panel_info\":{}, \"is_global\":true}"},{"attribute":"app_name_2","value":"LIGHTNING_APP"},{"attribute":"app_version_2","value":"5"},{"attribute":"element_attributes_2","value":"[{\"name\":\"one-appnavbar_appnavbar-host\", \"value\":\"\", \"count\":1}]"},{"attribute":"parent_attributes_2","value":"[{\"name\":\"data-target-selection-name\", \"value\":\"e8a9ff40ce5544f6aaa1c98c67352401\", \"count\":1},{\"name\":\"data-target-selection-internal\", \"value\":\"true\", \"count\":1}]"},{"attribute":"shadow_depth_1","value":"2"},{"attribute":"depth_1","value":"3"},{"attribute":"class_1","value":"navItem slds-context-bar__item slds-shrink-none"},{"attribute":"role_1","value":"listitem"},{"attribute":"data-id_1","value":"0KDU0000000IozSOAS"},{"attribute":"data-assistive-id_1","value":"operationId"},{"attribute":"data-target-selection-name_1","value":"sfdc:TabDefinition.MySamples"},{"attribute":"aria-hidden_1","value":"false"},{"attribute":"parent-tag_1","value":"div"},{"attribute":"parent-class_1","value":"slds-grid slds-has-flexi-truncate navUL"},{"attribute":"parent-role_1","value":"list"},{"attribute":"parent-aria-describedby_1","value":"operationId-10"},{"attribute":"parent-fontWeight_1","value":"400"},{"attribute":"parent-textDecoration_1","value":"none solid rgb(24, 24, 24)"},{"attribute":"sibling-class_1","value":"navItem slds-context-bar__item slds-shrink-none"},{"attribute":"sibling-role_1","value":"listitem"},{"attribute":"sibling-data-id_1","value":"0KDU0000000TpllOAC"},{"attribute":"sibling-data-assistive-id_1","value":"operationId"},{"attribute":"sibling-data-target-selection-name_1","value":"sfdc:TabDefinition.Global_Account_Search"},{"attribute":"sibling-aria-hidden_1","value":"false"},{"attribute":"sibling-fontWeight_1","value":"400"},{"attribute":"sibling-textDecoration_1","value":"none solid rgb(24, 24, 24)"},{"attribute":"fontWeight_1","value":"400"},{"attribute":"textDecoration_1","value":"none solid rgb(24, 24, 24)"},{"attribute":"width_1","value":"98"},{"attribute":"height_1","value":"37"},{"attribute":"lightning_mark_1","value":"{\"lwc_marks\":[{\"shadow_depth\":1, \"selector\":\"a\", \"attribute\":\"href\", \"value\":\"/lightning/n/MySamples\", \"type\":\"attribute\", \"depth\":0, \"tag_name\":\"one-app-nav-bar-item-root\"}], \"is_global\":true}"},{"attribute":"app_name_1","value":"LIGHTNING_APP"},{"attribute":"app_version_1","value":"5"},{"attribute":"element_attributes_1","value":"[{\"name\":\"one-appnavbar_appnavbar\", \"value\":\"\", \"count\":17},{\"name\":\"data-id\", \"value\":\"0KDU0000000IozSOAS\", \"count\":1},{\"name\":\"data-assistive-id\", \"value\":\"operationId\", \"count\":8},{\"name\":\"data-target-selection-name\", \"value\":\"sfdc:TabDefinition.MySamples\", \"count\":1},{\"name\":\"aria-hidden\", \"value\":\"false\", \"count\":8},{\"name\":\"draggable\", \"value\":\"true\", \"count\":8},{\"name\":\"role\", \"value\":\"listitem\", \"count\":10}]"},{"attribute":"parent_attributes_1","value":"[{\"name\":\"one-appnavbar_appnavbar\", \"value\":\"\", \"count\":17},{\"name\":\"role\", \"value\":\"list\", \"count\":1},{\"name\":\"aria-describedby\", \"value\":\"operationId-10\", \"count\":1}]"},{"attribute":"default_pivot_marks_1","value":"[{\"tag\":\"nav\", \"depth\":1, \"path\":\"shadow-3/\", \"width\":1252, \"height\":37, \"selector\":\"[\\\"nav[role\u003d\u0027navigation\u0027]\\\"]\", \"version\":\"5\", \"type\":\"element_identifier\", \"intersectionPivotMark\":{\"depthFromTrustableElement\":2, \"width\":1252, \"height\":37}}]"},{"attribute":"accessibility_tree_selector_1","value":"[role\u003d\u0027navigation\u0027] [role\u003d\u0027list\u0027] [role\u003d\u0027listitem\u0027]"},{"attribute":"shadow_depth","value":"3"},{"attribute":"depth","value":"1"},{"attribute":"href","value":"/lightning/n/MySamples"},{"attribute":"title","value":"My Samples"},{"attribute":"text","value":"My Samples"},{"attribute":"class","value":"slds-context-bar__label-action dndItem"},{"attribute":"aria-current","value":"false"},{"attribute":"child-first-tag","value":"span"},{"attribute":"child-count","value":"1"},{"attribute":"child-first-class","value":"slds-truncate"},{"attribute":"child-first-text","value":"My Samples"},{"attribute":"child-first-fontWeight","value":"400"},{"attribute":"child-first-textDecoration","value":"none solid rgb(24, 24, 24)"},{"attribute":"fontWeight","value":"400"},{"attribute":"textDecoration","value":"none solid rgb(24, 24, 24)"},{"attribute":"width","value":"98"},{"attribute":"height","value":"37"},{"attribute":"lightning_mark","value":"{\"lightning_app_version\":\"spring23\", \"page_info\":{\"pageName\":\"home\"}, \"panel_info\":{}, \"is_global\":true}"},{"attribute":"app_name","value":"LIGHTNING_APP"},{"attribute":"app_version","value":"5"},{"attribute":"element_attributes","value":"[{\"name\":\"href\", \"value\":\"/lightning/n/MySamples\", \"count\":1},{\"name\":\"title\", \"value\":\"My Samples\", \"count\":1},{\"name\":\"tabindex\", \"value\":\"0\", \"count\":1},{\"name\":\"draggable\", \"value\":\"false\", \"count\":1},{\"name\":\"aria-current\", \"value\":\"false\", \"count\":1},{\"name\":\"text\", \"value\":\"My Samples\", \"count\":1}]"},{"attribute":"default_selector","value":"[\"a[href\u003d\u0027/lightning/n/MySamples\u0027]\"]"},{"attribute":"accessibility_tree_selector","value":"a"},{"attribute":"visual_marks","value":"{\"screen_resoution_height\":900, \"screen_resoution_width\":1440, \"website_height\":1179, \"website_width\":1440, \"style_marks\":[{\"height\":37, \"width\":98, \"position_x\":452, \"position_y\":81, \"computed_style\":{\"alignContent\":\"center\", \"alignItems\":\"center\", \"blockSize\":\"37px\", \"cursor\":\"pointer\", \"display\":\"flex\", \"flex\":\"1 1 auto\", \"flexGrow\":\"1\", \"height\":\"37px\", \"inlineSize\":\"97.5391px\", \"listStyle\":\"outside none none\", \"listStyleType\":\"none\", \"minBlockSize\":\"auto\", \"minHeight\":\"auto\", \"minInlineSize\":\"0%\", \"minWidth\":\"0%\", \"padding\":\"0px 12px\", \"paddingInline\":\"12px\", \"paddingInlineEnd\":\"12px\", \"paddingInlineStart\":\"12px\", \"paddingLeft\":\"12px\", \"paddingRight\":\"12px\", \"perspectiveOrigin\":\"48.7656px 18.5px\", \"placeContent\":\"center normal\", \"placeItems\":\"center normal\", \"transformOrigin\":\"48.7695px 18.5px\", \"transition\":\"color 0.1s linear 0s\", \"transitionDuration\":\"0.1s\", \"transitionProperty\":\"color\", \"transitionTimingFunction\":\"linear\", \"userSelect\":\"none\", \"webkitAlignContent\":\"center\", \"webkitAlignItems\":\"center\", \"webkitFlex\":\"1 1 auto\", \"webkitFlexGrow\":\"1\", \"webkitLogicalHeight\":\"37px\", \"webkitLogicalWidth\":\"97.5391px\", \"webkitMinLogicalHeight\":\"auto\", \"webkitMinLogicalWidth\":\"0%\", \"webkitPaddingEnd\":\"12px\", \"webkitPaddingStart\":\"12px\", \"webkitPerspectiveOrigin\":\"48.7656px 18.5px\", \"webkitTransformOrigin\":\"48.7695px 18.5px\", \"webkitTransition\":\"color 0.1s linear 0s\", \"webkitTransitionDuration\":\"0.1s\", \"webkitTransitionProperty\":\"color\", \"webkitTransitionTimingFunction\":\"linear\", \"webkitUserDrag\":\"none\", \"webkitUserSelect\":\"none\", \"whiteSpace\":\"nowrap\", \"width\":\"97.5391px\", \"zIndex\":\"1\"}}]}"},{"attribute":"lang","value":"en-US"}],"step_1_input":"","step_4_auto_execute_action":-1,"step_2_image2_crop_left":201,"step_4_back_button":true,"authored_at":1675098554714,"step_1_image_creation_time":1675098062304,"step_3_image1_left":251,"step_2_back_button":true,"step_1_placement":"b","step_2_image_creation_time":1675098079231,"step_3_tag":"a","step_4_image1_placement":"b","step_3_parent_marks":[],"stages":100001,"step_3_spotlight":0,"step_3_parent_page_tags":[],"step_1_image1_left":248,"step_3_page_tags":["ef6be1f8-e994-4777-aaa3-4c0324a59925"],"step_1_zoom":1.0,"step_2_input":"","step_4_marks":[{"attribute":"tag","value":"one-app-nav-bar-item-root"},{"attribute":"path","value":"shadow-3/nav-0/div-5/"},{"attribute":"tag_1","value":"one-app-nav-bar"},{"attribute":"path_1","value":"shadow-0/div-1/"},{"attribute":"tag_2","value":"one-appnav"},{"attribute":"path_2","value":"body-42/div-0/div-2/section-11/div-5/div-0/"},{"attribute":"depth_2","value":"8"},{"attribute":"data-data-rendering-service-uid_2","value":"142"},{"attribute":"data-aura-rendered-by_2","value":"261:0"},{"attribute":"parent-tag_2","value":"div"},{"attribute":"parent-class_2","value":"slds-no-print oneAppNavContainer"},{"attribute":"parent-data-aura-rendered-by_2","value":"319:0;p"},{"attribute":"parent-data-aura-class_2","value":"oneAppNavContainer"},{"attribute":"parent-fontWeight_2","value":"400"},{"attribute":"parent-textDecoration_2","value":"none solid rgb(24, 24, 24)"},{"attribute":"fontWeight_2","value":"400"},{"attribute":"textDecoration_2","value":"none solid rgb(24, 24, 24)"},{"attribute":"width_2","value":"1440"},{"attribute":"height_2","value":"40"},{"attribute":"lightning_mark_2","value":"{\"lightning_app_version\":\"spring23\", \"page_info\":{\"pageName\":\"home\"}, \"panel_info\":{}, \"is_global\":true, \"path\":\"div-0/\", \"components\":[{\"value_provider_type\":\"one:appNavContainer\", \"component_type\":\"aura:html\", \"tag_name\":\"div\"},{\"value_provider_type\":\"navex:standardManager\", \"component_type\":\"aura:html\", \"tag_name\":\"div\"},{\"value_provider_type\":\"navex:desktopLayoutContainer\", \"component_type\":\"aura:html\", \"tag_name\":\"div\"}]}"},{"attribute":"app_name_2","value":"LIGHTNING_APP"},{"attribute":"app_version_2","value":"5"},{"attribute":"element_attributes_2","value":"[{\"name\":\"data-data-rendering-service-uid\", \"value\":\"142\", \"count\":1},{\"name\":\"data-aura-rendered-by\", \"value\":\"261:0\", \"count\":1}]"},{"attribute":"parent_attributes_2","value":"[{\"name\":\"data-aura-rendered-by\", \"value\":\"319:0;p\", \"count\":1},{\"name\":\"data-aura-class\", \"value\":\"oneAppNavContainer\", \"count\":1},{\"name\":\"style\", \"value\":\"top: 81px;\", \"count\":1}]"},{"attribute":"default_pivot_marks_2","value":"[{\"tag\":\"div\", \"depth\":7, \"path\":\"body-42/div-0/div-2/section-11/div-5/\", \"width\":1440, \"height\":40, \"selector\":\"[\\\"div[data-aura-class\u003d\u0027oneAppNavContainer\u0027]\\\"]\", \"version\":\"5\", \"type\":\"element_identifier\", \"intersectionPivotMark\":{\"depthFromTrustableElement\":1, \"width\":1440, \"height\":40}},{\"tag\":\"div\", \"depth\":6, \"path\":\"body-42/div-0/div-2/section-11/\", \"width\":1440, \"height\":700, \"selector\":\"[\\\"div[data-aura-class\u003d\u0027navexStandardManager\u0027]\\\"]\", \"version\":\"5\", \"type\":\"element_identifier\", \"intersectionPivotMark\":{\"depthFromTrustableElement\":2, \"width\":1440, \"height\":700}},{\"tag\":\"div\", \"depth\":9, \"path\":\"body-42/div-0/div-2/section-11/div-8/div-0/div-3/\", \"width\":0, \"height\":0, \"selector\":\"[\\\"div[data-aura-class\u003d\u0027navexSplitViewWrapper\u0027]\\\"]\", \"version\":\"5\", \"type\":\"element_identifier\", \"intersectionPivotMark\":{\"tag\":\"div\", \"path\":\"body-42/div-0/div-2/section-11/\", \"width\":1440, \"height\":700, \"depthFromTrustableElement\":-3, \"depth\":6}},{\"tag\":\"div\", \"depth\":10, \"path\":\"body-42/div-0/div-2/section-11/div-8/div-0/div-3/div-2/\", \"width\":0, \"height\":0, \"selector\":\"[\\\"div[id\u003d\u0027sfdc-splitview-content\u0027]\\\"]\", \"version\":\"5\", \"type\":\"element_identifier\", \"intersectionPivotMark\":{\"tag\":\"div\", \"path\":\"body-42/div-0/div-2/section-11/\", \"width\":1440, \"height\":700, \"depthFromTrustableElement\":-4, \"depth\":6}},{\"tag\":\"div\", \"depth\":8, \"path\":\"body-42/div-0/div-2/section-11/div-8/div-1/\", \"width\":1440, \"height\":700, \"selector\":\"[\\\"div[role\u003d\u0027main\u0027]\\\"]\", \"version\":\"5\", \"type\":\"element_identifier\", \"intersectionPivotMark\":{\"tag\":\"div\", \"path\":\"body-42/div-0/div-2/section-11/\", \"width\":1440, \"height\":700, \"depthFromTrustableElement\":-2, \"depth\":6}},{\"tag\":\"div\", \"depth\":12, \"path\":\"body-42/div-0/div-2/section-11/div-8/div-1/div-0/div-1/div-1/div-1/\", \"width\":1416, \"height\":676, \"selector\":\"[\\\"div[data-aura-class\u003d\u0027lafSinglePaneWindowManager\u0027]\\\"]\", \"version\":\"5\", \"type\":\"element_identifier\", \"intersectionPivotMark\":{\"tag\":\"div\", \"path\":\"body-42/div-0/div-2/section-11/\", \"width\":1440, \"height\":700, \"depthFromTrustableElement\":-6, \"depth\":6}},{\"tag\":\"div\", \"depth\":14, \"path\":\"body-42/div-0/div-2/section-11/div-8/div-1/div-0/div-1/div-1/div-1/div-4/div-0/\", \"width\":1416, \"height\":1046, \"selector\":\"[\\\"div[data-aura-class\u003d\u0027homeLanding\u0027]\\\"]\", \"version\":\"5\", \"type\":\"element_identifier\", \"intersectionPivotMark\":{\"tag\":\"div\", \"path\":\"body-42/div-0/div-2/section-11/\", \"width\":1440, \"height\":700, \"depthFromTrustableElement\":-8, \"depth\":6}},{\"tag\":\"div\", \"depth\":15, \"path\":\"body-42/div-0/div-2/section-11/div-8/div-1/div-0/div-1/div-1/div-1/div-4/div-0/div-2/\", \"width\":1416, \"height\":1046, \"selector\":\"[\\\"div[data-aura-class\u003d\u0027flexipagePage\u0027]\\\"]\", \"version\":\"5\", \"type\":\"element_identifier\", \"intersectionPivotMark\":{\"tag\":\"div\", \"path\":\"body-42/div-0/div-2/section-11/\", \"width\":1440, \"height\":700, \"depthFromTrustableElement\":-9, \"depth\":6}},{\"tag\":\"div\", \"depth\":16, \"path\":\"body-42/div-0/div-2/section-11/div-8/div-1/div-0/div-1/div-1/div-1/div-4/div-0/div-2/div-0/\", \"width\":1416, \"height\":1046, \"selector\":\"[\\\"div[data-aura-class\u003d\u0027homeDesktopTemplate\u0027]\\\"]\", \"version\":\"5\", \"type\":\"element_identifier\", \"intersectionPivotMark\":{\"tag\":\"div\", \"path\":\"body-42/div-0/div-2/section-11/\", \"width\":1440, \"height\":700, \"depthFromTrustableElement\":-10, \"depth\":6}},{\"tag\":\"div\", \"depth\":20, \"path\":\"body-42/div-0/div-2/section-11/div-8/div-1/div-0/div-1/div-1/div-1/div-4/div-0/div-2/div-0/div-0/div-2/div-0/div-1/\", \"width\":460, \"height\":0, \"selector\":\"[\\\"div[data-component-id\u003d\u0027flexipage_reportChart\u0027]\\\",\\\"div[data-target-selection-name\u003d\u0027flexipage_reportChart\u0027]\\\"]\", \"version\":\"5\", \"type\":\"element_identifier\", \"intersectionPivotMark\":{\"tag\":\"div\", \"path\":\"body-42/div-0/div-2/section-11/\", \"width\":1440, \"height\":700, \"depthFromTrustableElement\":-14, \"depth\":6}}]"},{"attribute":"shadow_depth_1","value":"1"},{"attribute":"depth_1","value":"2"},{"attribute":"class_1","value":"slds-grid slds-has-flexi-truncate"},{"attribute":"parent-tag_1","value":"div"},{"attribute":"parent-class_1","value":"slds-context-bar"},{"attribute":"parent-data-target-selection-name_1","value":"e8a9ff40ce5544f6aaa1c98c67352401"},{"attribute":"parent-data-target-selection-internal_1","value":"true"},{"attribute":"parent-fontWeight_1","value":"400"},{"attribute":"parent-textDecoration_1","value":"none solid rgb(24, 24, 24)"},{"attribute":"sibling-class_1","value":"slds-context-bar__primary navLeft"},{"attribute":"sibling-text_1","value":"vBioPharma"},{"attribute":"sibling-fontWeight_1","value":"400"},{"attribute":"sibling-textDecoration_1","value":"none solid rgb(24, 24, 24)"},{"attribute":"fontWeight_1","value":"400"},{"attribute":"textDecoration_1","value":"none solid rgb(24, 24, 24)"},{"attribute":"width_1","value":"1252"},{"attribute":"height_1","value":"37"},{"attribute":"lightning_mark_1","value":"{\"lightning_app_version\":\"spring23\", \"page_info\":{\"pageName\":\"home\"}, \"panel_info\":{}, \"is_global\":true}"},{"attribute":"app_name_1","value":"LIGHTNING_APP"},{"attribute":"app_version_1","value":"5"},{"attribute":"element_attributes_1","value":"[{\"name\":\"one-appnavbar_appnavbar-host\", \"value\":\"\", \"count\":1}]"},{"attribute":"parent_attributes_1","value":"[{\"name\":\"data-target-selection-name\", \"value\":\"e8a9ff40ce5544f6aaa1c98c67352401\", \"count\":1},{\"name\":\"data-target-selection-internal\", \"value\":\"true\", \"count\":1}]"},{"attribute":"shadow_depth","value":"2"},{"attribute":"depth","value":"3"},{"attribute":"class","value":"navItem slds-context-bar__item slds-shrink-none"},{"attribute":"role","value":"listitem"},{"attribute":"data-id","value":"report"},{"attribute":"data-assistive-id","value":"operationId"},{"attribute":"data-target-selection-name","value":"sfdc:TabDefinition.standard-report"},{"attribute":"aria-hidden","value":"false"},{"attribute":"parent-tag","value":"div"},{"attribute":"parent-class","value":"slds-grid slds-has-flexi-truncate navUL"},{"attribute":"parent-role","value":"list"},{"attribute":"parent-aria-describedby","value":"operationId-10"},{"attribute":"parent-fontWeight","value":"400"},{"attribute":"parent-textDecoration","value":"none solid rgb(24, 24, 24)"},{"attribute":"sibling-class","value":"navItem slds-context-bar__item slds-shrink-none"},{"attribute":"sibling-role","value":"listitem"},{"attribute":"sibling-data-id","value":"0KDU0000000IozbOAC"},{"attribute":"sibling-data-assistive-id","value":"operationId"},{"attribute":"sibling-data-target-selection-name","value":"sfdc:TabDefinition.Medical_Event_vod__c"},{"attribute":"sibling-aria-hidden","value":"false"},{"attribute":"sibling-fontWeight","value":"400"},{"attribute":"sibling-textDecoration","value":"none solid rgb(24, 24, 24)"},{"attribute":"fontWeight","value":"400"},{"attribute":"textDecoration","value":"none solid rgb(24, 24, 24)"},{"attribute":"width","value":"97"},{"attribute":"height","value":"37"},{"attribute":"lightning_mark","value":"{\"lwc_marks\":[{\"shadow_depth\":1, \"selector\":\"a\", \"attribute\":\"href\", \"value\":\"/lightning/o/Report/home\", \"type\":\"attribute\", \"depth\":0, \"tag_name\":\"one-app-nav-bar-item-root\"}], \"is_global\":true}"},{"attribute":"app_name","value":"LIGHTNING_APP"},{"attribute":"app_version","value":"5"},{"attribute":"element_attributes","value":"[{\"name\":\"one-appnavbar_appnavbar\", \"value\":\"\", \"count\":17},{\"name\":\"data-id\", \"value\":\"report\", \"count\":1},{\"name\":\"data-assistive-id\", \"value\":\"operationId\", \"count\":8},{\"name\":\"data-target-selection-name\", \"value\":\"sfdc:TabDefinition.standard-report\", \"count\":1},{\"name\":\"aria-hidden\", \"value\":\"false\", \"count\":8},{\"name\":\"draggable\", \"value\":\"true\", \"count\":8},{\"name\":\"role\", \"value\":\"listitem\", \"count\":10}]"},{"attribute":"parent_attributes","value":"[{\"name\":\"one-appnavbar_appnavbar\", \"value\":\"\", \"count\":17},{\"name\":\"role\", \"value\":\"list\", \"count\":1},{\"name\":\"aria-describedby\", \"value\":\"operationId-10\", \"count\":1}]"},{"attribute":"default_pivot_marks","value":"[{\"tag\":\"nav\", \"depth\":1, \"path\":\"shadow-3/\", \"width\":1252, \"height\":37, \"selector\":\"[\\\"nav[role\u003d\u0027navigation\u0027]\\\"]\", \"version\":\"5\", \"type\":\"element_identifier\", \"intersectionPivotMark\":{\"depthFromTrustableElement\":2, \"width\":1252, \"height\":37}}]"},{"attribute":"default_selector","value":"[\"nav\",\"div\",\"one-app-nav-bar-item-root[data-id\u003d\u0027report\u0027]\"]"},{"attribute":"accessibility_tree_selector","value":"[role\u003d\u0027navigation\u0027] [role\u003d\u0027list\u0027] [role\u003d\u0027listitem\u0027]"},{"attribute":"visual_marks","value":"{\"screen_resoution_height\":900, \"screen_resoution_width\":1440, \"website_height\":1179, \"website_width\":1440, \"style_marks\":[{\"height\":40, \"width\":97, \"position_x\":712, \"position_y\":81, \"computed_style\":{\"alignContent\":\"center\", \"alignItems\":\"stretch\", \"background\":\"rgba(0, 112, 210, 0.1) none repeat scroll 0% 0% / auto padding-box border-box\", \"backgroundColor\":\"rgba(0, 112, 210, 0.1)\", \"blockSize\":\"37px\", \"border\":\"\", \"borderBlock\":\"\", \"borderBlockColor\":\"rgb(24, 24, 24) rgb(0, 112, 210)\", \"borderBlockEnd\":\"0px none rgb(0, 112, 210)\", \"borderBlockEndColor\":\"rgb(0, 112, 210)\", \"borderBottom\":\"0px none rgb(0, 112, 210)\", \"borderBottomColor\":\"rgb(0, 112, 210)\", \"borderColor\":\"rgb(24, 24, 24) rgb(24, 24, 24) rgb(0, 112, 210)\", \"bottom\":\"0px\", \"cursor\":\"pointer\", \"display\":\"flex\", \"flex\":\"0 0 auto\", \"flexShrink\":\"0\", \"height\":\"37px\", \"inlineSize\":\"97.2969px\", \"inset\":\"0px\", \"insetBlock\":\"0px\", \"insetBlockEnd\":\"0px\", \"insetBlockStart\":\"0px\", \"insetInline\":\"0px\", \"insetInlineEnd\":\"0px\", \"insetInlineStart\":\"0px\", \"left\":\"0px\", \"listStyle\":\"outside none none\", \"listStyleType\":\"none\", \"maxInlineSize\":\"240px\", \"maxWidth\":\"240px\", \"minBlockSize\":\"auto\", \"minHeight\":\"auto\", \"minInlineSize\":\"auto\", \"minWidth\":\"auto\", \"perspectiveOrigin\":\"48.6484px 18.5px\", \"placeContent\":\"center normal\", \"placeItems\":\"stretch normal\", \"position\":\"relative\", \"right\":\"0px\", \"top\":\"0px\", \"transformOrigin\":\"48.6484px 18.5px\", \"transition\":\"background-color 0.25s cubic-bezier(0.39, 0.575, 0.565, 1) 0s\", \"transitionDuration\":\"0.25s\", \"transitionProperty\":\"background-color\", \"transitionTimingFunction\":\"cubic-bezier(0.39, 0.575, 0.565, 1)\", \"userSelect\":\"none\", \"webkitAlignContent\":\"center\", \"webkitAlignItems\":\"stretch\", \"webkitBorderAfter\":\"0px none rgb(0, 112, 210)\", \"webkitBorderAfterColor\":\"rgb(0, 112, 210)\", \"webkitFlex\":\"0 0 auto\", \"webkitFlexShrink\":\"0\", \"webkitLogicalHeight\":\"37px\", \"webkitLogicalWidth\":\"97.2969px\", \"webkitMaxLogicalWidth\":\"240px\", \"webkitMinLogicalHeight\":\"auto\", \"webkitMinLogicalWidth\":\"auto\", \"webkitPerspectiveOrigin\":\"48.6484px 18.5px\", \"webkitTransformOrigin\":\"48.6484px 18.5px\", \"webkitTransition\":\"background-color 0.25s cubic-bezier(0.39, 0.575, 0.565, 1) 0s\", \"webkitTransitionDuration\":\"0.25s\", \"webkitTransitionProperty\":\"background-color\", \"webkitTransitionTimingFunction\":\"cubic-bezier(0.39, 0.575, 0.565, 1)\", \"webkitUserDrag\":\"element\", \"webkitUserSelect\":\"none\", \"whiteSpace\":\"nowrap\", \"width\":\"97.2969px\"}}]}"},{"attribute":"lang","value":"en-US"}],"run_direct":true,"ent":{"account_type":"Trial","app_type":"LIGHTNING_APP","cdn_enabled":true,"noindex_tag":"8c2a8e1f-473e-4145-b6a8-6605ede62110","wfx_play_as_popup_tag":"ba9dc6fd-1e27-47a1-a860-b92d640ab020","wfx_package_info":{"last_production_timestamp":"1675165330753","production_ent_version":"41.0","initiator_clm_v2":"true","cdn_production_data_version":"15","cdn_production_content_timestamp":"1675165319910","cdn_production_js_timestamp":"1675165319910","lastDataExportAt":"1675165319910","lastFullExportAt":"1675165319910"},"allow_emails":["whatfix.com"],"custom_extension":{"is_whatfix_store_enabled":"true","currently_linked":"false","is_zip_option_enabled":"true","previously_linked":"false","latest_cdn_update_timestamp":"1675165339238"},"user_actions":[],"tags":[{"flows":5,"name":"Global-Page","tag_id":"ef6be1f8-e994-4777-aaa3-4c0324a59925","section":0,"conditions":[{"op1":"true","operator":"\u003d","type":"global"}],"type":"page","version":"1"},{"flows":1,"name":"Action-home,ObejctName-Report","tag_id":"95342592-0b33-482f-8c56-7de8c09006fd","section":0,"conditions":[{"op1":"home","operator":"\u003d","type":"Action"},{"op1":"Report","operator":"\u003d","type":"ObejctName"}],"type":"page","version":"1"},{"flows":1,"name":"PageName_name-reports-ReportBuilder","tag_id":"2a5e6ce5-0676-4506-96be-62f82178e0bf","section":0,"conditions":[{"op1":"reports:reportBuilder","operator":"\u003d","type":"PageName_name"}],"type":"page","version":"1"}],"is_personalisation_enabled":false,"desktop_auto_update":false,"single_language_app":true,"nolive_tag":"898e2f8d-c09a-43ac-9bd1-6703f9eaeb59","auto_segment_enabled":true,"gp_segments":[],"kb_limit":5,"theme":{"help_need_tip":"show","link_open":"same_page","tip_theme_type":"modern","link_popup_position":"widget","pdf_logo_height":"15","tl_key":"76","tip_next_key":"78","beacon_tip_font_color":"#ffffff","help_icon_text_size":"14","help_icon_position":"rtm","tip_back_button_required":"true","beacon_animation_type":"radial","help_wid_mode":"live_here","help_wid_color":"#00BCD4","help_key":"87","link_popup_size":"medium","help_need_animation":"show","show_pdf_header":"show","show_pdf_footer":"show","help_wid_header_show":"show","beacon_tip_bg_color":"#19265d","beacon_tip_font_style":"normal","beacon_tip_font_weight":"normal","beacon_tip_font_size":"16","tip_back_key":"66","pdf_style":"classic","help_wid_header_text_color":"#FFFFFF","help_icon_bg_color":"#00BCD4","tip_close_key":"81","help_icon_text_color":"#FFFFFF"},"limits":{"analytics_dashboard_limit":"10","analytics_insights_limit":"50","user_actions":"25"},"popup_segments":[{"creation_time":1675099287642,"design_stage":-1,"css":".popupTemplateCard {\n          box-shadow: 0 4px 8px 0 rgba(0, 0, 0, 0.2);\n          transition: 0.3s;\n          width: 100%;\n          background: #ffffff;\n          border-radius: 5px;\n          position: relative;\n          height: auto;\n          max-height: 545px;\n          max-width: 800px;\n        }\n        \n        .popupTemplateFooter {\n          padding-top: 30px;\n          padding-bottom: 20px;\n          text-align: center;\n          bottom: 15px;\n          left: 0;\n          right: 0;\n        }\n        \n        .popupCenterAlign {\n          display: table;\n          margin-left: auto;\n          margin-right: auto;\n        }\n        \n        .templateTitle {\n          margin-left: 5%;\n          margin-right: 5%;\n          position: relative;\n          font-weight: 600;\n          font-size: 18px;\n          line-height: 25px;\n          text-align: center;\n          overflow: hidden;\n          color: #596377;\n          max-height: 50px;\n          min-height: 25px;\n          width: 90%;\n          top: 20px;\n          margin-bottom: 30px;\n        }\n        \n        .templateTitle p {\n          margin: 0px !important;\n        }\n        \n        .wfxImageContainer {\n    \t\theight: 325px;\n    \t\twidth: 90%;\n    \t\tmargin: 20px auto 0 auto;\n\t\t}\n\n\t\t.wfxMedia {\n\t\t\tvertical-align: middle;\n\t\t\tmax-width: 100%;\n\t\t\tmax-height: 100%;\n\t\t}\n        \n        .popupBtn {\n          background: #f4f5f7;\n          border: none;\n          color: white;\n          text-align: center;\n          text-decoration: none;\n          display: inline-block;\n          font-size: 14px;\n          font-weight: 600;\n          width: 150px;\n          height: 40px;\n          border-radius: 3px;\n          vertical-align: top;\n          outline-color: #0691b2 !important;\n          transition: 0.2s ease;\n          word-break: break-all;\n\t\t  overflow:hidden;\n        }\n        \n        .popupBtn p{ \n    \t  margin:0px !important; \n\t\t}\n\n\t\t.popupTemplateCard-popupCloseButton {\n\t\t  position: absolute;\n\t\t  z-index: 1;\n\t\t  right: 10px;\n\t\t  top: 15px;\n\t\t}\n              \n        .cyan {\n          background: #00bcd4;\n          color: white;\n        }","code":"\u003cWfxTitle\n  id\u003d\"segment_title_1\"\n  className\u003d\"templateTitle\"\n  titleContent\u003d{getRTEContent(\"segment_title_1\")}\n  saveListener\u003d{contentChangeListener}\n/\u003e\n\u003cWfxMedia id \u003d \"segment_image_1\" className\u003d\"wfxMedia\"\n  height\u003d{getImageHeight(\"segment_image_1\")}\n  width\u003d{getImageWidth(\"segment_image_1\")}\n  sourceURL\u003d{getImageSource(\"segment_image_1\")}\n  alternateText\u003d{getImageAltText(\"segment_image_1\")}\n  videoDescriptionText\u003d{getImageVideoDesc(\"segment_image_1\")}\n  video\u003d{getisVideo(\"segment_image_1\")}\n  imageChangeListener\u003d{updateImage}\n/\u003e\n\u003cWfxDiv className\u003d\"popupTemplateFooter\"\u003e\n  \u003cWfxButton\n    id\u003d\"segment_prim_btn_1\"\n    className\u003d\"wfx_primary_button\"\n    selectedButtonEvent\u003d{getButtonEventType(\"segment_prim_btn_1\")}\n    selectedButtonValue\u003d{getButtonEventValue(\"segment_prim_btn_1\")}\n    buttonStyle\u003d{getButtonStyle(\"segment_prim_btn_1\")}\n    buttonText\u003d{getButtonText(\"segment_prim_btn_1\")}\n    buttonHoverColor\u003d{getButtonHoverColor(\"segment_prim_btn_1\")}\n    buttonCornerRad\u003d{getButtonCornerRad(\"segment_prim_btn_1\")}              \n    buttonColor\u003d{getButtonColor(\"segment_prim_btn_1\")}\n    buttonChangeListener\u003d{updateButton}\n  /\u003e\n\u003c/WfxDiv\u003e","html_md":"\u003cdiv class\u003d\"popupTemplateCard\"\u003e\n \u003cdiv class\u003d\"popupTemplateCard-popupCloseButton\" id\u003d\"popupClosePanel\"\u003e\n  \u003csvg width\u003d\"16\" height\u003d\"16\" viewbox\u003d\"0 0 16 16\" fill\u003d\"none\" id\u003d\"popupCloseBtn\" data-testid\u003d\"popup-close-btn-icon\"\u003e\n   \u003cg filter\u003d\"url(#prefix__filter0_d)\"\u003e\n    \u003cpath d\u003d\"M8.013 6.784l3.643-3.643 1.22 1.22-3.643 3.643L13 11.771 11.771 13 8.004 9.233 4.38 12.858l-1.22-1.22 3.625-3.625L3 4.23 4.229 3l3.784 3.784z\" fill\u003d\"#6C798E\"\u003e\u003c/path\u003e\n    \u003cpath d\u003d\"M8.013 6.077l-3.43-3.43a.5.5 0 00-.708 0L2.646 3.874a.5.5 0 000 .708l3.431 3.43-3.271 3.272a.5.5 0 000 .707l1.22 1.22a.5.5 0 00.707 0l3.271-3.271 3.413 3.413a.5.5 0 00.708 0l1.229-1.23a.5.5 0 000-.707L9.94 8.004l3.289-3.289a.5.5 0 000-.707l-1.22-1.22a.5.5 0 00-.707 0l-3.29 3.29z\" stroke\u003d\"#fff\" stroke-opacity\u003d\"0.3\" stroke-linejoin\u003d\"round\"\u003e\u003c/path\u003e\n   \u003c/g\u003e\u003cdefs\u003e\n    \u003cfilter id\u003d\"prefix__filter0_d\" x\u003d\"0\" y\u003d\"0\" width\u003d\"16\" height\u003d\"16\" filterunits\u003d\"userSpaceOnUse\" color-interpolation-filters\u003d\"sRGB\"\u003e\n     \u003cfeflood flood-opacity\u003d\"0\" result\u003d\"BackgroundImageFix\"\u003e\u003c/feflood\u003e\n     \u003cfecolormatrix in\u003d\"SourceAlpha\" values\u003d\"0 0 0 0 0 0 0 0 0 0 0 0 0 0 0 0 0 0 127 0\"\u003e\u003c/fecolormatrix\u003e\n     \u003cfeoffset\u003e\u003c/feoffset\u003e\n     \u003cfegaussianblur stddeviation\u003d\"1\"\u003e\u003c/fegaussianblur\u003e\n     \u003cfecolormatrix values\u003d\"0 0 0 0 1 0 0 0 0 1 0 0 0 0 1 0 0 0 1 0\"\u003e\u003c/fecolormatrix\u003e\n     \u003cfeblend in2\u003d\"BackgroundImageFix\" result\u003d\"effect1_dropShadow\"\u003e\u003c/feblend\u003e\n     \u003cfeblend in\u003d\"SourceGraphic\" in2\u003d\"effect1_dropShadow\" result\u003d\"shape\"\u003e\u003c/feblend\u003e\n    \u003c/filter\u003e\n   \u003c/defs\u003e\n  \u003c/svg\u003e\n \u003c/div\u003e\n \u003cdiv class\u003d\"WfxTitle-rebranding\"\u003e\n  \u003cdiv id\u003d\"segment_title_1\" class\u003d\"templateTitle\"\u003e\n   \u003cdiv class\u003d\"fr-box\" role\u003d\"application\"\u003e\n    \u003cdiv class\u003d\"fr-wrapper\" dir\u003d\"auto\"\u003e\n     \u003cdiv class\u003d\"fr-element fr-view\" dir\u003d\"auto\" contenteditable\u003d\"true\" aria-disabled\u003d\"false\" spellcheck\u003d\"true\"\u003e\n      \u003cp style\u003d\"\"\u003eWelcome to Veeva!\u003cbr\u003e\u003cspan style\u003d\"font-size: 14px;\"\u003eClick on \u003cstrong style\u003d\"\"\u003e\u003cem\u003eLet\u0027s Go\u003c/em\u003e\u003c/strong\u003e to get a quick tour!\u003c/span\u003e\u003c/p\u003e\n     \u003c/div\u003e\n    \u003c/div\u003e\n   \u003c/div\u003e\n  \u003c/div\u003e\n \u003c/div\u003e \n \u003cdiv class\u003d\"WfxMedia-Rebranding\"\u003e\n  \u003cdiv class\u003d\"wfxImageContainer wfxMedia\"\u003e\n   \u003cdiv class\u003d\"\" style\u003d\"height: 100%; width: 100%;\"\u003e\n    \u003cdiv class\u003d\"wfxMedia-pointer\" aria-label\u003d\"\" tabindex\u003d\"0\" role\u003d\"link\" style\u003d\"height: 100%; width: 100%; overflow: hidden; text-align: center; vertical-align: middle; max-height: 100%; position: relative;\"\u003e\n     \u003ciframe title\u003d\"wfx_media\" id\u003d\"segment_image_1\" class\u003d\"wfxImage\" height\u003d\"100%\" width\u003d\"100%\" src\u003d\"https://www.youtube.com/embed/r-8ox65pmP0\" allowfullscreen style\u003d\"border-width: 0px;\"\u003e\u003c/iframe\u003e\n    \u003c/div\u003e\n   \u003c/div\u003e\n  \u003c/div\u003e\n \u003c/div\u003e \n \u003cdiv class\u003d\"popupTemplateFooter\"\u003e \n  \u003cdiv class\u003d\"popupTemplateButton wfx_primary_button\" style\u003d\"display: inline-block;\"\u003e\n   \u003cdiv class\u003d\"\" style\u003d\"height: 100%; width: 100%;\"\u003e\n    \u003cbutton id\u003d\"segment_prim_btn_1\" type\u003d\"text\" class\u003d\"sc-hMjYif CnZuk popupBtn cyan\"\u003e\n     \u003cdiv id\u003d\"segment_prim_btn_1\" class\u003d\"wfxButtonText\" role\u003d\"presentation\"\u003e\n      \u003cdiv class\u003d\"fr-box\" role\u003d\"application\"\u003e\n       \u003cdiv class\u003d\"fr-wrapper\" dir\u003d\"auto\"\u003e\n        \u003cdiv class\u003d\"fr-element fr-view\" dir\u003d\"auto\" contenteditable\u003d\"true\" aria-disabled\u003d\"false\" spellcheck\u003d\"true\"\u003e\n         \u003cp style\u003d\"\"\u003eLets Go!\u003c/p\u003e\n        \u003c/div\u003e\n       \u003c/div\u003e\n      \u003c/div\u003e\n     \u003c/div\u003e\u003c/button\u003e\n   \u003c/div\u003e\n  \u003c/div\u003e \n \u003c/div\u003e\n\u003c/div\u003e","version_num":2,"is_dnd":false,"type":"popup","created_by":"c9a762f0-3307-11eb-8638-bacbbe07b880","enabled":true,"ent_id":"be8e0250-b457-46ee-9448-c358b97e21d6","user_id":"c9a762f0-3307-11eb-8638-bacbbe07b880","component_properties":"{\"template\":{\"desktop_max_height\":\"545\",\"desktop_max_width\":\"800\",\"desktop_min_height\":\"315\",\"desktop_min_width\":\"342\",\"desktop_width\":\"480\",\"mobile_max_height\":\"370\",\"mobile_width\":\"320\"},\"segment_title_1\":{\"content_md\":\"\u003cp fr-original-style\u003d\\\"\\\" style\u003d\\\"margin-top: 0px; margin-bottom: 0px;\\\"\u003eWelcome to Veeva!\u003cbr\u003e\u003cspan style\u003d\\\"font-size: 14px;\\\"\u003eClick on \u003cstrong fr-original-style\u003d\\\"\\\" style\u003d\\\"font-weight: 700;\\\"\u003e\u003cem\u003eLet\u0026#39;s Go\u003c/em\u003e\u003c/strong\u003e to get a quick tour!\u003c/span\u003e\u003c/p\u003e\",\"type\":\"WfxTitle\"},\"segment_prim_btn_1\":{\"btn_action\":\"flow\",\"btn_target\":\"8ab39d3a-c2cd-4918-84e6-3afc9ba28d57\",\"btn_style\":\"popupBtn cyan\",\"btn_text_md\":\"\u003cp fr-original-style\u003d\\\"\\\" style\u003d\\\"margin-top: 0px; margin-bottom: 0px;\\\"\u003eLets Go!\u003c/p\u003e\",\"btn_corner_radius\":3,\"btn_hover_color\":\"#1B3E89\",\"btn_color\":\"#1B3E89\",\"type\":\"WfxButton\"},\"segment_image_1\":{\"height\":\"auto\",\"width\":\"100%\",\"src\":\"https://www.youtube.com/embed/r-8ox65pmP0\",\"alt\":\"\",\"videoDesc\":\"\",\"type\":\"WfxMedia\",\"isVideo\":true}}","css_mobile":".popupTemplateCard {\n    box-shadow: 0 4px 8px 0 rgba(0, 0, 0, 0.2);\n    transition: 0.3s;\n    background: #ffffff;\n    border-radius: 5px;\n    position: relative;\n    height: auto;\n    width: 320px;\n    max-height: 370px;\n}\n        \n.popupTemplateFooter {\n    padding-top: 22px;\n    padding-bottom: 12px;\n    text-align: center;\n}\n        \n.popupCenterAlign {\n    display: table;\n    margin-left: auto;\n    margin-right: auto;\n}\n\n.templateTitle {\n    margin-left: 5%;\n    margin-right: 5%;\n    position: relative;\n    font-weight: 600;\n    font-size: 18px;\n    line-height: 25px;\n    text-align: center;\n    overflow: hidden;\n    color: #596377;\n    max-height: 50px;\n    min-height: 25px;\n    width: 90%;\n    top: 20px;\n    margin-bottom: 30px;\n}\n\n.templateTitle p {\n   \tmargin: 0px !important;\n}\n\n.wfxImageContainer {\n   height: 165px;\n   width: 90%;\n   margin: 20px auto 0 auto;\n}\n\n.wfxMedia {\n\tvertical-align: middle;\n\tmax-width: 100%;\n\tmax-height: 100%;\n}\n        \n.popupBtn {\n    background: #f4f5f7;\n    border: none;\n    color: white;\n    text-align: center;\n    text-decoration: none;\n    display: inline-block;\n    font-size: 14px;\n    font-weight: 600;\n    width: 150px;\n    height: 40px;\n    margin: 5px;\n    border-radius: 3px;\n    vertical-align: top;\n    outline-color: #0691b2 !important;\n    transition: 0.2s ease;\n \tword-break: break-all;\n \toverflow:hidden;\n}\n\n.popupBtn p{ \n    margin:0px !important; \n}\n\n.popupTemplateCard-popupCloseButton {\n\tposition: absolute;\n\tz-index: 1;\n    right: 5px;\n    top: 10px;\n}\n\n.cyan {\nbackground: #00bcd4;\ncolor: white;\n}\n","modified_by":"c9a762f0-3307-11eb-8638-bacbbe07b880","name":"Welcome","stages":200002,"times_to_show":10,"theme":{"carouselArrows":"false","carouselDots":"false","dontShowAgain":"false","templateType":"regular","xOnPopup":"true"},"name_lowercase":"welcome","conditions":[{"andOr":"And","op1":"https://janssen--devsbdi.sandbox.lightning.force.com/lightning/page/home","operator":"\u003d","originalAndOr":"And","type":"url"}],"segment_id":"76cf0763-c35c-4a2c-ae07-c723eacd6b03","modification_time":1675165281992}],"sp_segments":[],"ent_id":"be8e0250-b457-46ee-9448-c358b97e21d6","tl_segments":[],"open":false,"finder_config":{"capture_cv_categories_data":"true"},"data_version":15,"login_type":"native","role_filtering_enabled":true,"la_segments":[],"show_all_applicable_content":true,"global_data_version_info":{"data_version":15},"user_actions_count":0,"ent_integration_attributes":[],"export":true,"nudge_segments":[],"extension_tag":"f62946ef-5449-4058-a0f1-65c2ccf2d6a1","create_page_tags":true,"sh_segments":[{"creation_time":1675097856518,"design_stage":-1,"tag_ids":[],"version_num":1,"type":"sh","created_by":"c9a762f0-3307-11eb-8638-bacbbe07b880","enabled":true,"ent_id":"be8e0250-b457-46ee-9448-c358b97e21d6","user_id":"c9a762f0-3307-11eb-8638-bacbbe07b880","modified_by":"c9a762f0-3307-11eb-8638-bacbbe07b880","name":"Default Segment","stages":100001,"flow_ids":[],"name_lowercase":"default segment","conditions":[],"segment_id":"2e75311b-011b-4f83-866a-0df8eb572b63","modification_time":1675165281992,"properties":{"isDefaultSegment":"true"},"segment_order":[]}],"additional_features":["editor_ignore_auto_click_event","cwf_multiselect","infra_auditlogs_in_dashboard","ss_subgroups","sh_bulk_grouping","deployment_whatfix_version_extension","training_videoupload","jit_modify_carousel_popup","kb_configure","sh_icon_config","ccm_clm","studio_editor","override_client_listeners","analytics_v2_enable","cagg_instant_feasibility","studio_noswitchback","cwf_desktop_async_finder","sh_onboarding_templates","ot_hidespgpanalytics","css_zoom_factor","cwf_central_auto_tags_cache","sh_size_adjust","sh_fast_load","cwf_new_responder_logic","jit_audio_walkthrough","ccm_auto_translation","embed_playstate_without_enterprise","embed_error_handler","training_imageupload","analytics_custom_events","chrome_mv3","cwf_scv2_mutation","ot_newbeacon","sba_dashboard","display_user_data","smart_tips_iframe","article_new_ui","analytics_ua_engagement","cagg_ui_view_status","deployment_whatfix_version","ot_newpopup","user_journey","logger_dashboard","analytics_insight_charts","analytics_ua_tags","smart_tips_new","analytics_funnel_migrate","sh_open_state","analytics_beta_features","sh_rich_text_editor","cwf_sc_frame_visibility","cwf_pillar_identifier","ss_search_suggester","cwf_frame_communication","insights_dashboard","ss_no_src_iframe","ss_link_popup","useraction_visibility_rules","training_surveymvp","desktop_new_architecture_live_edit","personalisation_dashboard_intro","analytics_events_beta","training_pdfupload","clm_video_upload","sh_setting_new_ui"],"export_filter":["gracefulexit","deck","blog"],"org_id":"-","name":"iconnect_ipad_JnJ","dyn_pillar_pivot":true,"non_api_mode":true,"auto_skip_on_launch":true,"be_segments":[],"spotlight_tag":"859a1d49-852f-4ed7-94f0-c0129e742306","flow_triggers":{},"branding_config":{"branding_enabled":"true","branding_link":"","branding_text":"","endpop_enabled":"true","gexit_enabled":"true","sh_enabled":"true","tl_enabled":"true"},"autocomplete":false,"st_segments":[],"groups":{},"pdf":true,"track_usage":true,"ip_segments":[],"properties":{"gracefulExitPopYes":"Yes","endLikertScaleHigh":"Great","installContentHeader":"Whatfix extension for","gracefulExitPopNo":"No","autoFurtherInputRequired":"Input Required In Further Steps","taskListMultiplePending":"Tasks pending","searchSuggestion":"Suggested searches","endFeedbackQuestionLabel":"Was this flow helpful?","customExtInstallCTALabel":"Install Extension","installContent":"By installing Whatfix\u0027s browser extension, you can create interactive walkthroughs (flows) on any website. Additionally, you can get live instructions by clicking the \"See live\" option.","endFeedbackUserNoteYes":"That’s great! What did you like?","widgetCloseTitle":"Close","autoStepOfN":"Executing Step {0} of {1}","editorEnter":"Enter ","endSubjectiveFeedbackLabel":"Let us know why","stopButtonLabel":"Stop","exitPopDefaultMessage":"Do you want to end the flow?","endLikertFeedbackQuestionLabel":"How would you like to rate the flow that you just used?","recentSearches":"Recent searches","predefinedOptionYes2":"Clear instructions","predefinedOptionYes3":"Learned something new","endFeedbackNo":"No","gracefulExitTipDescription":"Here\u0027s an image of what you should be seeing next.","predefinedOptionYes1":"Easy to use","nothingFound":"Sorry, no results found","predefinedOptionYes4":"Saved me time","guide":"Guide Me","tipCloseTitle":"Close","manualButtonHoverTip":"This will switch the flow to manual \u0026 can\u0027t be undone","autoDefaultTitle":"Flow In Progress","extensionRequiredNotice":"You need to install the Whatfix browser extension to use this feature","helpWidgetTipButtonText":"Got It","seeLive":"See Live","predefinedOptionNo4":"I already knew this","widgetSearchClearTitle":"Clear","predefinedOptionNo2":"Not what I was looking for","unsupportedBrowserNotice":"To use this feature, please use either Google Chrome or Mozilla Firefox browser","installButtonUnsupportedBrowserLabel":"Chrome Extension","gracefulExitTipTitle":"Oops! The next step seems to be missing.","predefinedOptionNo3":"Incorrect steps","predefinedOptionNo1":"Not easy to use","loading":"loading...","pdfFooterText":"Company Name","endLikertSubmit":"Submit","autoNoInputRequired":"No Input Required","widgetTitle":"Self Help","endFeedbackYes":"Yes","endSubjectiveFeedbackPlaceholder":"Provide your feedback here","editorClickHere":"Click here","endSendFeedback":"Submit","helpWidgetTipDescription":"Hey! This is your new in-app help \u0026 will be available across your application.","taskerCloseTitle":"Close","installExtension":"Install","installButtonLabel":"Install","searchMore":"Enter your search criteria here","resumeFlow":"Resume Flow","startDontShowAgain":"Don\u0027t show me again","widgetSearchTitle":"Search","customExtInstallSuccessMsg":"Extension Installed!","editorEnterValue":"Enter ","next":"Next","endLikertScaleLow":"Not Great","ignoreExtension":"Not Now","stopButtonHoverTip":"This will stop the flow \u0026 can\u0027t be undone","editorClickOn":"Click ","endFeedbackUserNoteNo":"That should not have happened! What went wrong?","endFeedbackPlaceholderNewYes":"Tell us more","widgetLauncherLabel":"Self Help","flowClosureHeader":"You closed an ongoing guided help.Do you want to resume it?","back":"Back","stepOfN":"{0} (Step {1} of {2})","skip":"Skip","installPageTitle":"Install Whatfix extension","installUnsupportedBrowserContent":"Whatfix Extension is available for Chrome and Firefox browsers only.","endDefaultMessage":"You have completed this task.","seeLiveTitle":"See live help on your application","autoDefaultInputRequired":"Next Input Required On Step {0}","editorSelect":"Select ","customExtInstallPageDescription":"Whatfix provides in-app interactive guides and walkthroughs to ease user onboarding, reduce training, and improve support","autoStep":"Executing Steps","ok":"Ok","close":"Close","ivoryStepOfN":"Step {0}/{1}","slideshowRestartButtonText":"Restart","endFeedbackPlaceholderNewNo":"Write your suggestion here","maxCharacterLimit":"Max {0} characters","pdfHeaderText":"Company Name","taskListSinglePending":"Task pending ","taskListLabel":"Task List ","manualButtonLabel":"Manual","customExtInstallTitle":"Whatfix Extension","slideshowStartButtonText":"Start","endSendFeedbackNew":"Send Feedback","modernStepOfN":"{0}/{1}","endLikertFeedbackPlaceholder":"Tell us more"}},"author_name":"-","user_id_name":"-","mail_address_encrypted":"-"}