{"contents":[{"step_1_image2_crop_top":0,"step_1_image_width":1425,"step_1_marks":[{"attribute":"tag","value":"a"},{"attribute":"path","value":"body-3/div-1/header-3/nav-3/div-0/ul-0/li-0/"},{"attribute":"depth","value":"9"},{"attribute":"href","value":"https://www.dooblo.net/about/"},{"attribute":"text","value":"About"},{"attribute":"parent-tag","value":"li"},{"attribute":"parent-id","value":"menu-item-214"},{"attribute":"parent-class","value":"menu-item menu-item-type-post_type menu-item-object-page menu-item-214"},{"attribute":"parent-fontWeight","value":"100"},{"attribute":"parent-textDecoration","value":"none solid rgb(51, 51, 51)"},{"attribute":"fontWeight","value":"100"},{"attribute":"textDecoration","value":"none solid rgb(0, 162, 165)"},{"attribute":"width","value":"39"},{"attribute":"height","value":"26"},{"attribute":"element_attributes","value":"[{\"name\":\"href\", \"value\":\"https://www.dooblo.net/about/\", \"count\":2},{\"name\":\"text\", \"value\":\"About\", \"count\":1}]"},{"attribute":"parent_attributes","value":"[{\"name\":\"id\", \"value\":\"menu-item-214\", \"count\":1}]"},{"attribute":"visual_marks","value":"{\"screen_resoution_height\":900, \"screen_resoution_width\":1440, \"website_height\":4132, \"website_width\":1425, \"style_marks\":[{\"height\":23, \"width\":39, \"position_x\":419, \"position_y\":30, \"computed_style\":{\"background\":\"rgba(0, 0, 0, 0) none repeat scroll 0% 0% / auto padding-box border-box\", \"backgroundColor\":\"rgba(0, 0, 0, 0)\", \"blockSize\":\"26px\", \"border\":\"\", \"borderBlock\":\"\", \"borderBlockColor\":\"rgb(0, 162, 165) rgba(0, 0, 0, 0)\", \"borderBlockEnd\":\"3px solid rgba(0, 0, 0, 0)\", \"borderBlockEndColor\":\"rgba(0, 0, 0, 0)\", \"borderBlockEndStyle\":\"solid\", \"borderBlockEndWidth\":\"3px\", \"borderBlockStart\":\"0px none rgb(0, 162, 165)\", \"borderBlockStartColor\":\"rgb(0, 162, 165)\", \"borderBlockStyle\":\"none solid\", \"borderBlockWidth\":\"0px 3px\", \"borderBottom\":\"3px solid rgba(0, 0, 0, 0)\", \"borderBottomColor\":\"rgba(0, 0, 0, 0)\", \"borderBottomStyle\":\"solid\", \"borderBottomWidth\":\"3px\", \"borderColor\":\"rgb(0, 162, 165) rgb(0, 162, 165) rgba(0, 0, 0, 0)\", \"borderInline\":\"0px none rgb(0, 162, 165)\", \"borderInlineColor\":\"rgb(0, 162, 165)\", \"borderInlineEnd\":\"0px none rgb(0, 162, 165)\", \"borderInlineEndColor\":\"rgb(0, 162, 165)\", \"borderInlineStart\":\"0px none rgb(0, 162, 165)\", \"borderInlineStartColor\":\"rgb(0, 162, 165)\", \"borderLeft\":\"0px none rgb(0, 162, 165)\", \"borderLeftColor\":\"rgb(0, 162, 165)\", \"borderRight\":\"0px none rgb(0, 162, 165)\", \"borderRightColor\":\"rgb(0, 162, 165)\", \"borderStyle\":\"none none solid\", \"borderTop\":\"0px none rgb(0, 162, 165)\", \"borderTopColor\":\"rgb(0, 162, 165)\", \"borderWidth\":\"0px 0px 3px\", \"caretColor\":\"rgb(0, 162, 165)\", \"color\":\"rgb(0, 162, 165)\", \"columnRule\":\"0px none rgb(0, 162, 165)\", \"columnRuleColor\":\"rgb(0, 162, 165)\", \"cursor\":\"pointer\", \"display\":\"inline-block\", \"height\":\"26px\", \"inlineSize\":\"38.6562px\", \"listStyle\":\"outside none none\", \"listStyleType\":\"none\", \"outline\":\"rgb(0, 162, 165) none 0px\", \"outlineColor\":\"rgb(0, 162, 165)\", \"padding\":\"0px 0px 4px\", \"paddingBlock\":\"0px 4px\", \"paddingBlockEnd\":\"4px\", \"paddingBottom\":\"4px\", \"perspectiveOrigin\":\"19.3281px 13px\", \"scrollBehavior\":\"auto\", \"textAlign\":\"left\", \"textDecoration\":\"none solid rgb(0, 162, 165)\", \"textDecorationColor\":\"rgb(0, 162, 165)\", \"transformOrigin\":\"19.3281px 13px\", \"transition\":\"all 0.3s ease 0s\", \"transitionDuration\":\"0.3s\", \"webkitBorderAfter\":\"3px solid rgba(0, 0, 0, 0)\", \"webkitBorderAfterColor\":\"rgba(0, 0, 0, 0)\", \"webkitBorderAfterStyle\":\"solid\", \"webkitBorderAfterWidth\":\"3px\", \"webkitBorderBefore\":\"0px none rgb(0, 162, 165)\", \"webkitBorderBeforeColor\":\"rgb(0, 162, 165)\", \"webkitBorderEnd\":\"0px none rgb(0, 162, 165)\", \"webkitBorderEndColor\":\"rgb(0, 162, 165)\", \"webkitBorderStart\":\"0px none rgb(0, 162, 165)\", \"webkitBorderStartColor\":\"rgb(0, 162, 165)\", \"webkitColumnRule\":\"0px none rgb(0, 162, 165)\", \"webkitColumnRuleColor\":\"rgb(0, 162, 165)\", \"webkitLogicalHeight\":\"26px\", \"webkitLogicalWidth\":\"38.6562px\", \"webkitPaddingAfter\":\"4px\", \"webkitPerspectiveOrigin\":\"19.3281px 13px\", \"webkitTextEmphasisColor\":\"rgb(0, 162, 165)\", \"webkitTextFillColor\":\"rgb(0, 162, 165)\", \"webkitTextStrokeColor\":\"rgb(0, 162, 165)\", \"webkitTransformOrigin\":\"19.3281px 13px\", \"webkitTransition\":\"all 0.3s ease 0s\", \"webkitTransitionDuration\":\"0.3s\", \"width\":\"38.6562px\"}}]}"}],"step_2_completion_actions":[0,1],"version_num":4,"source":"40","type":"flow","step_1_image1_placement":"b","title_lowercase":"test flow","step_1_note":"","step_1_width":39,"step_1_key":1611346428608,"picture_modified_time":1606739410555,"step_1_parent_page_tags":[],"flow_id":"56841280-5cee-11eb-b445-bacbbe07b880","step_1_optional":false,"host":"-","step_1_top":26,"step_1_branch_targets":[],"step_1_spotlight_properties":{"hoverStatus":"sticky","customOpacityEnabled":"false","customOpacityValue":"70"},"step_1_conditions":[],"published_at":1612867865083,"src_flow_id":"-","step_1_page_tags":[],"step_1_url":"https://www.dooblo.net/","goal":"","author":"c9a762f0-3307-11eb-8638-bacbbe07b880","step_1_left":419,"step_1_auto_execute_action":0,"steps":2,"step_note":"","step_2_auto_execute_action":0,"tags":[],"user_id":"c9a762f0-3307-11eb-8638-bacbbe07b880","step_1_spotlight":0,"step_1_image2_crop_left":239,"step_1_branch_conditions":[],"step_1_finder_ver":8,"step_1_image_height":821,"step_2_action":0,"author_name":"-","step_1_action":0,"step_1_image1_top":26,"step_1_completion_actions":[0,1],"step_1_image2_left":180,"author_user_name_md5":"f0955136318b76b0c25fdce1c90060214e9ed3f886faf2ce36dd3ae7090830d1","user_id_name":"-","title":"Test Flow","step_1_creation_time":1611346428608,"run_direct":true,"step_1_image2_top":26,"step_1_selector":"","user_id_reputation":170,"step_1_tag":"a","step_1_height":26,"step_1_input":"","step_1_image1_crop_left":139,"views":0,"step_description":"\u0027about\u0027 \u0027product\u0027 click","failures":0,"step_1_image2_placement":"b","user_id_user_name_md5":"f0955136318b76b0c25fdce1c90060214e9ed3f886faf2ce36dd3ae7090830d1","authored_at":1611346428082,"step_1_back_button":false,"step_1_image1_crop_top":0,"step_1_image_creation_time":1611346364892,"author_reputation":170,"step_1_update_time":1611346428608,"url":"https://www.dooblo.net/","ent_id":"48d3b9f0-5cea-11eb-8b40-22a91d6e4464","step_1_placement":"b","mail_address_encrypted":"-","votes":0,"step_1_image1_left":280,"step_1_zoom":1.0,"runs":16,"step_1_parent_marks":[]},{"step_1_image2_crop_top":115,"step_1_image_width":1425,"step_1_marks":[{"attribute":"tag","value":"input"},{"attribute":"path","value":"body-3/div-3/div-1/div-5/section-1/div-1/div-1/section-5/div-3/form-3/div-1/div-1/div-1/span-0/"},{"attribute":"type","value":"text"},{"attribute":"depth","value":"16"},{"attribute":"placeholder","value":"First name"},{"attribute":"name","value":"f-name"},{"attribute":"class","value":"wpcf7-form-control wpcf7-text wpcf7-validates-as-required form-control"},{"attribute":"aria-required","value":"true"},{"attribute":"aria-invalid","value":"false"},{"attribute":"parent-tag","value":"span"},{"attribute":"parent-class","value":"wpcf7-form-control-wrap f-name"},{"attribute":"parent-fontWeight","value":"100"},{"attribute":"parent-textDecoration","value":"none solid rgb(51, 51, 51)"},{"attribute":"fontWeight","value":"300"},{"attribute":"textDecoration","value":"none solid rgb(153, 153, 153)"},{"attribute":"width","value":"505"},{"attribute":"height","value":"53"},{"attribute":"element_attributes","value":"[{\"name\":\"type\", \"value\":\"text\", \"count\":3},{\"name\":\"name\", \"value\":\"f-name\", \"count\":1},{\"name\":\"value\", \"value\":\"\", \"count\":4},{\"name\":\"size\", \"value\":\"40\", \"count\":4},{\"name\":\"aria-required\", \"value\":\"true\", \"count\":3},{\"name\":\"aria-invalid\", \"value\":\"false\", \"count\":5},{\"name\":\"placeholder\", \"value\":\"First name\", \"count\":1}]"},{"attribute":"visual_marks","value":"{\"screen_resoution_height\":900, \"screen_resoution_width\":1440, \"website_height\":1208, \"website_width\":1425, \"style_marks\":[{\"height\":51, \"width\":503, \"position_x\":192, \"position_y\":655, \"computed_style\":{\"appearance\":\"auto\", \"blockSize\":\"53px\", \"border\":\"1px solid rgb(0, 185, 232)\", \"borderBlock\":\"1px solid rgb(0, 185, 232)\", \"borderBlockColor\":\"rgb(0, 185, 232)\", \"borderBlockEnd\":\"1px solid rgb(0, 185, 232)\", \"borderBlockEndColor\":\"rgb(0, 185, 232)\", \"borderBlockEndStyle\":\"solid\", \"borderBlockEndWidth\":\"1px\", \"borderBlockStart\":\"1px solid rgb(0, 185, 232)\", \"borderBlockStartColor\":\"rgb(0, 185, 232)\", \"borderBlockStartStyle\":\"solid\", \"borderBlockStartWidth\":\"1px\", \"borderBlockStyle\":\"solid\", \"borderBlockWidth\":\"1px\", \"borderBottom\":\"1px solid rgb(0, 185, 232)\", \"borderBottomColor\":\"rgb(0, 185, 232)\", \"borderBottomStyle\":\"solid\", \"borderBottomWidth\":\"1px\", \"borderColor\":\"rgb(0, 185, 232)\", \"borderInline\":\"1px solid rgb(0, 185, 232)\", \"borderInlineColor\":\"rgb(0, 185, 232)\", \"borderInlineEnd\":\"1px solid rgb(0, 185, 232)\", \"borderInlineEndColor\":\"rgb(0, 185, 232)\", \"borderInlineEndStyle\":\"solid\", \"borderInlineEndWidth\":\"1px\", \"borderInlineStart\":\"1px solid rgb(0, 185, 232)\", \"borderInlineStartColor\":\"rgb(0, 185, 232)\", \"borderInlineStartStyle\":\"solid\", \"borderInlineStartWidth\":\"1px\", \"borderInlineStyle\":\"solid\", \"borderInlineWidth\":\"1px\", \"borderLeft\":\"1px solid rgb(0, 185, 232)\", \"borderLeftColor\":\"rgb(0, 185, 232)\", \"borderLeftStyle\":\"solid\", \"borderLeftWidth\":\"1px\", \"borderRight\":\"1px solid rgb(0, 185, 232)\", \"borderRightColor\":\"rgb(0, 185, 232)\", \"borderRightStyle\":\"solid\", \"borderRightWidth\":\"1px\", \"borderStyle\":\"solid\", \"borderTop\":\"1px solid rgb(0, 185, 232)\", \"borderTopColor\":\"rgb(0, 185, 232)\", \"borderTopStyle\":\"solid\", \"borderTopWidth\":\"1px\", \"borderWidth\":\"1px\", \"boxShadow\":\"rgba(0, 0, 0, 0.075) 0px 1px 1px 0px inset\", \"caretColor\":\"rgb(153, 153, 153)\", \"color\":\"rgb(153, 153, 153)\", \"columnRule\":\"0px none rgb(153, 153, 153)\", \"columnRuleColor\":\"rgb(153, 153, 153)\", \"cursor\":\"text\", \"font\":\"300 24px / 34.2857px \\\"Source Sans Pro\\\"\", \"fontSize\":\"24px\", \"fontWeight\":\"300\", \"height\":\"53px\", \"inlineSize\":\"505px\", \"lineHeight\":\"34.2857px\", \"minBlockSize\":\"53px\", \"minHeight\":\"53px\", \"outline\":\"rgb(153, 153, 153) none 0px\", \"outlineColor\":\"rgb(153, 153, 153)\", \"overflow\":\"hidden\", \"overflowX\":\"hidden\", \"overflowY\":\"hidden\", \"padding\":\"10px 20px\", \"paddingBlock\":\"10px\", \"paddingBlockEnd\":\"10px\", \"paddingBlockStart\":\"10px\", \"paddingBottom\":\"10px\", \"paddingInline\":\"20px\", \"paddingInlineEnd\":\"20px\", \"paddingInlineStart\":\"20px\", \"paddingLeft\":\"20px\", \"paddingRight\":\"20px\", \"paddingTop\":\"10px\", \"perspectiveOrigin\":\"252.5px 26.5px\", \"scrollBehavior\":\"auto\", \"textDecoration\":\"none solid rgb(153, 153, 153)\", \"textDecorationColor\":\"rgb(153, 153, 153)\", \"transformOrigin\":\"252.5px 26.5px\", \"transition\":\"border-color 0.15s ease-in-out 0s, box-shadow 0.15s ease-in-out 0s\", \"transitionDelay\":\"0s, 0s\", \"transitionDuration\":\"0.15s, 0.15s\", \"transitionProperty\":\"border-color, box-shadow\", \"transitionTimingFunction\":\"ease-in-out, ease-in-out\", \"webkitAppearance\":\"auto\", \"webkitBorderAfter\":\"1px solid rgb(0, 185, 232)\", \"webkitBorderAfterColor\":\"rgb(0, 185, 232)\", \"webkitBorderAfterStyle\":\"solid\", \"webkitBorderAfterWidth\":\"1px\", \"webkitBorderBefore\":\"1px solid rgb(0, 185, 232)\", \"webkitBorderBeforeColor\":\"rgb(0, 185, 232)\", \"webkitBorderBeforeStyle\":\"solid\", \"webkitBorderBeforeWidth\":\"1px\", \"webkitBorderEnd\":\"1px solid rgb(0, 185, 232)\", \"webkitBorderEndColor\":\"rgb(0, 185, 232)\", \"webkitBorderEndStyle\":\"solid\", \"webkitBorderEndWidth\":\"1px\", \"webkitBorderStart\":\"1px solid rgb(0, 185, 232)\", \"webkitBorderStartColor\":\"rgb(0, 185, 232)\", \"webkitBorderStartStyle\":\"solid\", \"webkitBorderStartWidth\":\"1px\", \"webkitBoxShadow\":\"rgba(0, 0, 0, 0.075) 0px 1px 1px 0px inset\", \"webkitColumnRule\":\"0px none rgb(153, 153, 153)\", \"webkitColumnRuleColor\":\"rgb(153, 153, 153)\", \"webkitLogicalHeight\":\"53px\", \"webkitLogicalWidth\":\"505px\", \"webkitMinLogicalHeight\":\"53px\", \"webkitPaddingAfter\":\"10px\", \"webkitPaddingBefore\":\"10px\", \"webkitPaddingEnd\":\"20px\", \"webkitPaddingStart\":\"20px\", \"webkitPerspectiveOrigin\":\"252.5px 26.5px\", \"webkitTextEmphasisColor\":\"rgb(153, 153, 153)\", \"webkitTextFillColor\":\"rgb(153, 153, 153)\", \"webkitTextStrokeColor\":\"rgb(153, 153, 153)\", \"webkitTransformOrigin\":\"252.5px 26.5px\", \"webkitTransition\":\"border-color 0.15s ease-in-out 0s, box-shadow 0.15s ease-in-out 0s\", \"webkitTransitionDelay\":\"0s, 0s\", \"webkitTransitionDuration\":\"0.15s, 0.15s\", \"webkitTransitionProperty\":\"border-color, box-shadow\", \"webkitTransitionTimingFunction\":\"ease-in-out, ease-in-out\", \"width\":\"505px\"}}]}"}],"step_2_completion_actions":[0],"version_num":1,"source":"40","type":"flow","step_1_image1_placement":"t","title_lowercase":"walkthrough to manually trigger smart tip","step_1_width":505,"step_1_key":1617113904318,"picture_modified_time":1606739410555,"step_1_parent_page_tags":[],"flow_id":"c9cc6410-9162-11eb-a14e-2a8342861064","step_1_optional":false,"host":"-","step_1_top":288,"step_1_branch_targets":[],"step_1_spotlight_properties":{"hoverStatus":"sticky","customOpacityEnabled":"false","customOpacityValue":"70"},"step_1_conditions":[],"step_5_auto_execute_action":0,"published_at":1617113904311,"src_flow_id":"-","step_1_page_tags":[],"step_1_url":"https://www.dooblo.net/contact/","goal":"","author":"c9a762f0-3307-11eb-8638-bacbbe07b880","step_1_left":192,"step_1_auto_execute_action":0,"steps":5,"step_note":"","step_2_auto_execute_action":0,"tags":[],"step_5_completion_actions":[0,1],"user_id":"c9a762f0-3307-11eb-8638-bacbbe07b880","step_1_spotlight":0,"step_1_image2_crop_left":677,"step_1_branch_conditions":[],"step_4_completion_actions":[0],"step_1_finder_ver":8,"step_1_image_height":821,"step_2_action":0,"author_name":"-","step_1_action":0,"step_3_action":0,"step_1_image1_top":273,"step_3_auto_execute_action":0,"step_3_completion_actions":[0],"step_1_completion_actions":[0],"step_1_image2_left":-485,"author_user_name_md5":"f0955136318b76b0c25fdce1c90060214e9ed3f886faf2ce36dd3ae7090830d1","step_5_action":0,"user_id_name":"-","step_4_action":0,"title":"Walkthrough to manually trigger Smart Tip","step_1_creation_time":1617113904318,"run_direct":true,"step_1_image2_top":173,"step_1_selector":"","user_id_reputation":170,"step_1_tag":"input","step_1_height":53,"step_1_input":"","step_1_image1_crop_left":145,"views":0,"step_description":"\u0027first \u0027send \u0027last message\u0027 name\u0027 enter \u0027e-mail\u0027 your \u0027company\u0027 click","step_4_auto_execute_action":0,"failures":0,"step_1_image2_placement":"r","user_id_user_name_md5":"f0955136318b76b0c25fdce1c90060214e9ed3f886faf2ce36dd3ae7090830d1","authored_at":1617113904311,"step_1_back_button":false,"step_1_image1_crop_top":15,"step_1_image_creation_time":1617113846541,"author_reputation":170,"step_1_step_delay":0,"step_1_update_time":1617113904318,"url":"https://www.dooblo.net/contact/","ent_id":"48d3b9f0-5cea-11eb-8b40-22a91d6e4464","step_1_placement":"r","mail_address_encrypted":"-","votes":0,"step_1_image1_left":47,"step_1_zoom":1.0,"runs":1,"step_1_parent_marks":[]},{"step_1_image2_crop_top":0,"step_1_image_width":1425,"step_1_marks":[{"attribute":"tag","value":"a"},{"attribute":"path","value":"body-3/div-1/header-3/nav-3/div-0/ul-0/li-0/"},{"attribute":"depth","value":"9"},{"attribute":"href","value":"https://www.dooblo.net/about/"},{"attribute":"text","value":"About"},{"attribute":"parent-tag","value":"li"},{"attribute":"parent-id","value":"menu-item-214"},{"attribute":"parent-class","value":"menu-item menu-item-type-post_type menu-item-object-page menu-item-214"},{"attribute":"parent-fontWeight","value":"100"},{"attribute":"parent-textDecoration","value":"none solid rgb(51, 51, 51)"},{"attribute":"fontWeight","value":"100"},{"attribute":"textDecoration","value":"none solid rgb(0, 162, 165)"},{"attribute":"width","value":"39"},{"attribute":"height","value":"26"},{"attribute":"element_attributes","value":"[{\"name\":\"href\", \"value\":\"https://www.dooblo.net/about/\", \"count\":2},{\"name\":\"text\", \"value\":\"About\", \"count\":1}]"},{"attribute":"parent_attributes","value":"[{\"name\":\"id\", \"value\":\"menu-item-214\", \"count\":1}]"},{"attribute":"visual_marks","value":"{\"screen_resoution_height\":900, \"screen_resoution_width\":1440, \"website_height\":4132, \"website_width\":1425, \"style_marks\":[{\"height\":23, \"width\":39, \"position_x\":419, \"position_y\":30, \"computed_style\":{\"background\":\"rgba(0, 0, 0, 0) none repeat scroll 0% 0% / auto padding-box border-box\", \"backgroundColor\":\"rgba(0, 0, 0, 0)\", \"blockSize\":\"26px\", \"border\":\"\", \"borderBlock\":\"\", \"borderBlockColor\":\"rgb(0, 162, 165) rgba(0, 0, 0, 0)\", \"borderBlockEnd\":\"3px solid rgba(0, 0, 0, 0)\", \"borderBlockEndColor\":\"rgba(0, 0, 0, 0)\", \"borderBlockEndStyle\":\"solid\", \"borderBlockEndWidth\":\"3px\", \"borderBlockStart\":\"0px none rgb(0, 162, 165)\", \"borderBlockStartColor\":\"rgb(0, 162, 165)\", \"borderBlockStyle\":\"none solid\", \"borderBlockWidth\":\"0px 3px\", \"borderBottom\":\"3px solid rgba(0, 0, 0, 0)\", \"borderBottomColor\":\"rgba(0, 0, 0, 0)\", \"borderBottomStyle\":\"solid\", \"borderBottomWidth\":\"3px\", \"borderColor\":\"rgb(0, 162, 165) rgb(0, 162, 165) rgba(0, 0, 0, 0)\", \"borderInline\":\"0px none rgb(0, 162, 165)\", \"borderInlineColor\":\"rgb(0, 162, 165)\", \"borderInlineEnd\":\"0px none rgb(0, 162, 165)\", \"borderInlineEndColor\":\"rgb(0, 162, 165)\", \"borderInlineStart\":\"0px none rgb(0, 162, 165)\", \"borderInlineStartColor\":\"rgb(0, 162, 165)\", \"borderLeft\":\"0px none rgb(0, 162, 165)\", \"borderLeftColor\":\"rgb(0, 162, 165)\", \"borderRight\":\"0px none rgb(0, 162, 165)\", \"borderRightColor\":\"rgb(0, 162, 165)\", \"borderStyle\":\"none none solid\", \"borderTop\":\"0px none rgb(0, 162, 165)\", \"borderTopColor\":\"rgb(0, 162, 165)\", \"borderWidth\":\"0px 0px 3px\", \"caretColor\":\"rgb(0, 162, 165)\", \"color\":\"rgb(0, 162, 165)\", \"columnRule\":\"0px none rgb(0, 162, 165)\", \"columnRuleColor\":\"rgb(0, 162, 165)\", \"cursor\":\"pointer\", \"display\":\"inline-block\", \"height\":\"26px\", \"inlineSize\":\"38.6562px\", \"listStyle\":\"outside none none\", \"listStyleType\":\"none\", \"outline\":\"rgb(0, 162, 165) none 0px\", \"outlineColor\":\"rgb(0, 162, 165)\", \"padding\":\"0px 0px 4px\", \"paddingBlock\":\"0px 4px\", \"paddingBlockEnd\":\"4px\", \"paddingBottom\":\"4px\", \"perspectiveOrigin\":\"19.3281px 13px\", \"scrollBehavior\":\"auto\", \"textAlign\":\"left\", \"textDecoration\":\"none solid rgb(0, 162, 165)\", \"textDecorationColor\":\"rgb(0, 162, 165)\", \"transformOrigin\":\"19.3281px 13px\", \"transition\":\"all 0.3s ease 0s\", \"transitionDuration\":\"0.3s\", \"webkitBorderAfter\":\"3px solid rgba(0, 0, 0, 0)\", \"webkitBorderAfterColor\":\"rgba(0, 0, 0, 0)\", \"webkitBorderAfterStyle\":\"solid\", \"webkitBorderAfterWidth\":\"3px\", \"webkitBorderBefore\":\"0px none rgb(0, 162, 165)\", \"webkitBorderBeforeColor\":\"rgb(0, 162, 165)\", \"webkitBorderEnd\":\"0px none rgb(0, 162, 165)\", \"webkitBorderEndColor\":\"rgb(0, 162, 165)\", \"webkitBorderStart\":\"0px none rgb(0, 162, 165)\", \"webkitBorderStartColor\":\"rgb(0, 162, 165)\", \"webkitColumnRule\":\"0px none rgb(0, 162, 165)\", \"webkitColumnRuleColor\":\"rgb(0, 162, 165)\", \"webkitLogicalHeight\":\"26px\", \"webkitLogicalWidth\":\"38.6562px\", \"webkitPaddingAfter\":\"4px\", \"webkitPerspectiveOrigin\":\"19.3281px 13px\", \"webkitTextEmphasisColor\":\"rgb(0, 162, 165)\", \"webkitTextFillColor\":\"rgb(0, 162, 165)\", \"webkitTextStrokeColor\":\"rgb(0, 162, 165)\", \"webkitTransformOrigin\":\"19.3281px 13px\", \"webkitTransition\":\"all 0.3s ease 0s\", \"webkitTransitionDuration\":\"0.3s\", \"width\":\"38.6562px\"}}]}"}],"step_2_completion_actions":[0,1],"version_num":2,"source":"40","type":"flow","step_1_image1_placement":"b","title_lowercase":"test flow(1)","step_1_note":"","step_1_width":39,"step_1_key":1611346428608,"picture_modified_time":1606739410555,"step_1_parent_page_tags":[],"flow_id":"fc2cea80-882d-11eb-ba1b-32b5f385aed9","step_1_optional":false,"host":"-","step_1_top":26,"step_1_branch_targets":[],"step_1_spotlight_properties":{"hoverStatus":"sticky","customOpacityEnabled":"false","customOpacityValue":"70"},"step_1_conditions":[],"published_at":1616101739697,"src_flow_id":"56841280-5cee-11eb-b445-bacbbe07b880","step_1_page_tags":[],"step_1_url":"https://www.dooblo.net/","goal":"","author":"c9a762f0-3307-11eb-8638-bacbbe07b880","step_1_left":419,"step_1_auto_execute_action":2,"steps":1,"step_note":"","step_2_auto_execute_action":0,"tags":[],"user_id":"c9a762f0-3307-11eb-8638-bacbbe07b880","step_1_spotlight":0,"step_1_image2_crop_left":239,"step_1_branch_conditions":[],"step_1_finder_ver":8,"step_1_image_height":821,"step_2_action":0,"author_name":"-","step_1_action":2,"step_1_image1_top":26,"step_1_completion_actions":[2],"step_1_image2_left":180,"author_user_name_md5":"f0955136318b76b0c25fdce1c90060214e9ed3f886faf2ce36dd3ae7090830d1","user_id_name":"-","title":"Test Flow(1)","step_1_creation_time":1616101664774,"run_direct":true,"step_1_image2_top":26,"step_1_selector":"","user_id_reputation":170,"step_1_tag":"a","step_1_height":26,"step_1_input":"","step_1_image1_crop_left":139,"views":0,"step_description":"\u0027about\u0027 \u0027product\u0027 click","failures":0,"step_1_image2_placement":"b","user_id_user_name_md5":"f0955136318b76b0c25fdce1c90060214e9ed3f886faf2ce36dd3ae7090830d1","authored_at":1616101664847,"step_1_back_button":false,"step_1_image1_crop_top":0,"step_1_image_creation_time":1611346364892,"author_reputation":170,"step_1_step_delay":0,"step_1_update_time":1616101740083,"url":"https://www.dooblo.net/","ent_id":"48d3b9f0-5cea-11eb-8b40-22a91d6e4464","step_1_placement":"b","mail_address_encrypted":"-","votes":0,"step_1_image1_left":280,"step_1_zoom":1.0,"runs":0,"step_1_parent_marks":[]},{"step_1_image2_crop_top":205,"step_1_image_width":1425,"step_1_marks":[{"attribute":"tag","value":"input"},{"attribute":"path","value":"body-3/div-3/div-1/div-5/section-1/div-1/div-1/section-5/div-3/form-3/div-1/div-7/div-1/span-0/"},{"attribute":"type","value":"email"},{"attribute":"depth","value":"16"},{"attribute":"placeholder","value":"E-mail"},{"attribute":"name","value":"email"},{"attribute":"class","value":"wpcf7-form-control wpcf7-text wpcf7-email wpcf7-validates-as-required wpcf7-validates-as-email form-control"},{"attribute":"aria-required","value":"true"},{"attribute":"aria-invalid","value":"false"},{"attribute":"parent-tag","value":"span"},{"attribute":"parent-class","value":"wpcf7-form-control-wrap email"},{"attribute":"parent-fontWeight","value":"100"},{"attribute":"parent-textDecoration","value":"none solid rgb(51, 51, 51)"},{"attribute":"fontWeight","value":"300"},{"attribute":"textDecoration","value":"none solid rgb(153, 153, 153)"},{"attribute":"width","value":"505"},{"attribute":"height","value":"53"},{"attribute":"element_attributes","value":"[{\"name\":\"type\", \"value\":\"email\", \"count\":1},{\"name\":\"name\", \"value\":\"email\", \"count\":1},{\"name\":\"value\", \"value\":\"\", \"count\":4},{\"name\":\"size\", \"value\":\"40\", \"count\":4},{\"name\":\"aria-required\", \"value\":\"true\", \"count\":3},{\"name\":\"aria-invalid\", \"value\":\"false\", \"count\":5},{\"name\":\"placeholder\", \"value\":\"E-mail\", \"count\":1}]"},{"attribute":"visual_marks","value":"{\"screen_resoution_height\":900, \"screen_resoution_width\":1440, \"website_height\":1208, \"website_width\":1425, \"style_marks\":[{\"height\":51, \"width\":503, \"position_x\":192, \"position_y\":865, \"computed_style\":{\"appearance\":\"auto\", \"blockSize\":\"53px\", \"border\":\"1px solid rgb(0, 185, 232)\", \"borderBlock\":\"1px solid rgb(0, 185, 232)\", \"borderBlockColor\":\"rgb(0, 185, 232)\", \"borderBlockEnd\":\"1px solid rgb(0, 185, 232)\", \"borderBlockEndColor\":\"rgb(0, 185, 232)\", \"borderBlockEndStyle\":\"solid\", \"borderBlockEndWidth\":\"1px\", \"borderBlockStart\":\"1px solid rgb(0, 185, 232)\", \"borderBlockStartColor\":\"rgb(0, 185, 232)\", \"borderBlockStartStyle\":\"solid\", \"borderBlockStartWidth\":\"1px\", \"borderBlockStyle\":\"solid\", \"borderBlockWidth\":\"1px\", \"borderBottom\":\"1px solid rgb(0, 185, 232)\", \"borderBottomColor\":\"rgb(0, 185, 232)\", \"borderBottomStyle\":\"solid\", \"borderBottomWidth\":\"1px\", \"borderColor\":\"rgb(0, 185, 232)\", \"borderInline\":\"1px solid rgb(0, 185, 232)\", \"borderInlineColor\":\"rgb(0, 185, 232)\", \"borderInlineEnd\":\"1px solid rgb(0, 185, 232)\", \"borderInlineEndColor\":\"rgb(0, 185, 232)\", \"borderInlineEndStyle\":\"solid\", \"borderInlineEndWidth\":\"1px\", \"borderInlineStart\":\"1px solid rgb(0, 185, 232)\", \"borderInlineStartColor\":\"rgb(0, 185, 232)\", \"borderInlineStartStyle\":\"solid\", \"borderInlineStartWidth\":\"1px\", \"borderInlineStyle\":\"solid\", \"borderInlineWidth\":\"1px\", \"borderLeft\":\"1px solid rgb(0, 185, 232)\", \"borderLeftColor\":\"rgb(0, 185, 232)\", \"borderLeftStyle\":\"solid\", \"borderLeftWidth\":\"1px\", \"borderRight\":\"1px solid rgb(0, 185, 232)\", \"borderRightColor\":\"rgb(0, 185, 232)\", \"borderRightStyle\":\"solid\", \"borderRightWidth\":\"1px\", \"borderStyle\":\"solid\", \"borderTop\":\"1px solid rgb(0, 185, 232)\", \"borderTopColor\":\"rgb(0, 185, 232)\", \"borderTopStyle\":\"solid\", \"borderTopWidth\":\"1px\", \"borderWidth\":\"1px\", \"boxShadow\":\"rgba(0, 0, 0, 0.075) 0px 1px 1px 0px inset\", \"caretColor\":\"rgb(153, 153, 153)\", \"color\":\"rgb(153, 153, 153)\", \"columnRule\":\"0px none rgb(153, 153, 153)\", \"columnRuleColor\":\"rgb(153, 153, 153)\", \"cursor\":\"text\", \"font\":\"300 24px / 34.2857px \\\"Source Sans Pro\\\"\", \"fontSize\":\"24px\", \"fontWeight\":\"300\", \"height\":\"53px\", \"inlineSize\":\"505px\", \"lineHeight\":\"34.2857px\", \"minBlockSize\":\"53px\", \"minHeight\":\"53px\", \"outline\":\"rgb(153, 153, 153) none 0px\", \"outlineColor\":\"rgb(153, 153, 153)\", \"overflow\":\"hidden\", \"overflowX\":\"hidden\", \"overflowY\":\"hidden\", \"padding\":\"10px 20px\", \"paddingBlock\":\"10px\", \"paddingBlockEnd\":\"10px\", \"paddingBlockStart\":\"10px\", \"paddingBottom\":\"10px\", \"paddingInline\":\"20px\", \"paddingInlineEnd\":\"20px\", \"paddingInlineStart\":\"20px\", \"paddingLeft\":\"20px\", \"paddingRight\":\"20px\", \"paddingTop\":\"10px\", \"perspectiveOrigin\":\"252.5px 26.5px\", \"scrollBehavior\":\"auto\", \"textDecoration\":\"none solid rgb(153, 153, 153)\", \"textDecorationColor\":\"rgb(153, 153, 153)\", \"transformOrigin\":\"252.5px 26.5px\", \"transition\":\"border-color 0.15s ease-in-out 0s, box-shadow 0.15s ease-in-out 0s\", \"transitionDelay\":\"0s, 0s\", \"transitionDuration\":\"0.15s, 0.15s\", \"transitionProperty\":\"border-color, box-shadow\", \"transitionTimingFunction\":\"ease-in-out, ease-in-out\", \"webkitAppearance\":\"auto\", \"webkitBorderAfter\":\"1px solid rgb(0, 185, 232)\", \"webkitBorderAfterColor\":\"rgb(0, 185, 232)\", \"webkitBorderAfterStyle\":\"solid\", \"webkitBorderAfterWidth\":\"1px\", \"webkitBorderBefore\":\"1px solid rgb(0, 185, 232)\", \"webkitBorderBeforeColor\":\"rgb(0, 185, 232)\", \"webkitBorderBeforeStyle\":\"solid\", \"webkitBorderBeforeWidth\":\"1px\", \"webkitBorderEnd\":\"1px solid rgb(0, 185, 232)\", \"webkitBorderEndColor\":\"rgb(0, 185, 232)\", \"webkitBorderEndStyle\":\"solid\", \"webkitBorderEndWidth\":\"1px\", \"webkitBorderStart\":\"1px solid rgb(0, 185, 232)\", \"webkitBorderStartColor\":\"rgb(0, 185, 232)\", \"webkitBorderStartStyle\":\"solid\", \"webkitBorderStartWidth\":\"1px\", \"webkitBoxShadow\":\"rgba(0, 0, 0, 0.075) 0px 1px 1px 0px inset\", \"webkitColumnRule\":\"0px none rgb(153, 153, 153)\", \"webkitColumnRuleColor\":\"rgb(153, 153, 153)\", \"webkitLogicalHeight\":\"53px\", \"webkitLogicalWidth\":\"505px\", \"webkitMinLogicalHeight\":\"53px\", \"webkitPaddingAfter\":\"10px\", \"webkitPaddingBefore\":\"10px\", \"webkitPaddingEnd\":\"20px\", \"webkitPaddingStart\":\"20px\", \"webkitPerspectiveOrigin\":\"252.5px 26.5px\", \"webkitTextEmphasisColor\":\"rgb(153, 153, 153)\", \"webkitTextFillColor\":\"rgb(153, 153, 153)\", \"webkitTextStrokeColor\":\"rgb(153, 153, 153)\", \"webkitTransformOrigin\":\"252.5px 26.5px\", \"webkitTransition\":\"border-color 0.15s ease-in-out 0s, box-shadow 0.15s ease-in-out 0s\", \"webkitTransitionDelay\":\"0s, 0s\", \"webkitTransitionDuration\":\"0.15s, 0.15s\", \"webkitTransitionProperty\":\"border-color, box-shadow\", \"webkitTransitionTimingFunction\":\"ease-in-out, ease-in-out\", \"width\":\"505px\"}}]}"}],"version_num":4,"source":"40","type":"tip","step_1_image1_placement":"t","title_lowercase":"email validation","step_1_width":505,"step_1_key":1617113967746,"picture_modified_time":1606739410555,"step_1_parent_page_tags":[],"flow_id":"ef987260-9162-11eb-a14e-2a8342861064","step_1_optional":false,"host":"-","step_1_top":478,"step_1_conditions":[],"step_1_validation_errors_md":"Please enter right value","published_at":1617228616788,"src_flow_id":"-","step_1_page_tags":[],"step_1_url":"https://www.dooblo.net/contact/","goal":"","author":"c9a762f0-3307-11eb-8638-bacbbe07b880","step_1_left":192,"step_1_auto_execute_action":-1,"steps":1,"tags":[],"user_id":"c9a762f0-3307-11eb-8638-bacbbe07b880","step_1_spotlight":0,"step_1_description_md":"","step_1_image2_crop_left":244,"step_1_finder_ver":8,"step_1_note_md":"","step_1_image_height":821,"author_name":"-","step_1_data_validations":[{"andOr":"AND","type":"character_length","op1":"8","operator":"\u003c\u003d","originalAndOr":"AND"}],"step_1_action":6,"step_1_image1_top":273,"step_1_image2_left":-52,"author_user_name_md5":"f0955136318b76b0c25fdce1c90060214e9ed3f886faf2ce36dd3ae7090830d1","user_id_name":"-","title":"Email Validation","step_1_creation_time":1617113967746,"run_direct":true,"step_1_image2_top":273,"user_id_reputation":170,"step_1_tag":"input","step_1_height":53,"step_1_input":"","step_1_image1_crop_left":145,"views":0,"failures":0,"step_1_image2_placement":"t","user_id_user_name_md5":"f0955136318b76b0c25fdce1c90060214e9ed3f886faf2ce36dd3ae7090830d1","authored_at":1617113967738,"step_1_image1_crop_top":205,"step_1_image_creation_time":1617113952891,"author_reputation":170,"step_1_update_time":1617228616842,"url":"https://www.dooblo.net/contact/","ent_id":"48d3b9f0-5cea-11eb-8b40-22a91d6e4464","step_1_placement":"t","mail_address_encrypted":"-","votes":0,"step_1_image1_left":47,"step_1_zoom":1.0,"runs":0,"step_1_parent_marks":[]},{"step_1_image2_crop_top":135,"step_1_image_width":1425,"step_1_marks":[{"attribute":"tag","value":"input"},{"attribute":"path","value":"body-3/div-3/div-1/div-5/section-1/div-1/div-1/section-5/div-3/form-3/div-1/div-5/div-1/span-0/"},{"attribute":"type","value":"text"},{"attribute":"depth","value":"16"},{"attribute":"placeholder","value":"Company"},{"attribute":"name","value":"company"},{"attribute":"class","value":"wpcf7-form-control wpcf7-text form-control"},{"attribute":"aria-invalid","value":"false"},{"attribute":"parent-tag","value":"span"},{"attribute":"parent-class","value":"wpcf7-form-control-wrap company"},{"attribute":"parent-fontWeight","value":"100"},{"attribute":"parent-textDecoration","value":"none solid rgb(51, 51, 51)"},{"attribute":"fontWeight","value":"300"},{"attribute":"textDecoration","value":"none solid rgb(153, 153, 153)"},{"attribute":"width","value":"505"},{"attribute":"height","value":"53"},{"attribute":"element_attributes","value":"[{\"name\":\"type\", \"value\":\"text\", \"count\":3},{\"name\":\"name\", \"value\":\"company\", \"count\":1},{\"name\":\"value\", \"value\":\"\", \"count\":4},{\"name\":\"size\", \"value\":\"40\", \"count\":4},{\"name\":\"aria-invalid\", \"value\":\"false\", \"count\":5},{\"name\":\"placeholder\", \"value\":\"Company\", \"count\":1}]"},{"attribute":"visual_marks","value":"{\"screen_resoution_height\":900, \"screen_resoution_width\":1440, \"website_height\":1208, \"website_width\":1425, \"style_marks\":[{\"height\":51, \"width\":503, \"position_x\":192, \"position_y\":795, \"computed_style\":{\"appearance\":\"auto\", \"blockSize\":\"53px\", \"border\":\"1px solid rgb(0, 185, 232)\", \"borderBlock\":\"1px solid rgb(0, 185, 232)\", \"borderBlockColor\":\"rgb(0, 185, 232)\", \"borderBlockEnd\":\"1px solid rgb(0, 185, 232)\", \"borderBlockEndColor\":\"rgb(0, 185, 232)\", \"borderBlockEndStyle\":\"solid\", \"borderBlockEndWidth\":\"1px\", \"borderBlockStart\":\"1px solid rgb(0, 185, 232)\", \"borderBlockStartColor\":\"rgb(0, 185, 232)\", \"borderBlockStartStyle\":\"solid\", \"borderBlockStartWidth\":\"1px\", \"borderBlockStyle\":\"solid\", \"borderBlockWidth\":\"1px\", \"borderBottom\":\"1px solid rgb(0, 185, 232)\", \"borderBottomColor\":\"rgb(0, 185, 232)\", \"borderBottomStyle\":\"solid\", \"borderBottomWidth\":\"1px\", \"borderColor\":\"rgb(0, 185, 232)\", \"borderInline\":\"1px solid rgb(0, 185, 232)\", \"borderInlineColor\":\"rgb(0, 185, 232)\", \"borderInlineEnd\":\"1px solid rgb(0, 185, 232)\", \"borderInlineEndColor\":\"rgb(0, 185, 232)\", \"borderInlineEndStyle\":\"solid\", \"borderInlineEndWidth\":\"1px\", \"borderInlineStart\":\"1px solid rgb(0, 185, 232)\", \"borderInlineStartColor\":\"rgb(0, 185, 232)\", \"borderInlineStartStyle\":\"solid\", \"borderInlineStartWidth\":\"1px\", \"borderInlineStyle\":\"solid\", \"borderInlineWidth\":\"1px\", \"borderLeft\":\"1px solid rgb(0, 185, 232)\", \"borderLeftColor\":\"rgb(0, 185, 232)\", \"borderLeftStyle\":\"solid\", \"borderLeftWidth\":\"1px\", \"borderRight\":\"1px solid rgb(0, 185, 232)\", \"borderRightColor\":\"rgb(0, 185, 232)\", \"borderRightStyle\":\"solid\", \"borderRightWidth\":\"1px\", \"borderStyle\":\"solid\", \"borderTop\":\"1px solid rgb(0, 185, 232)\", \"borderTopColor\":\"rgb(0, 185, 232)\", \"borderTopStyle\":\"solid\", \"borderTopWidth\":\"1px\", \"borderWidth\":\"1px\", \"boxShadow\":\"rgba(0, 0, 0, 0.075) 0px 1px 1px 0px inset\", \"caretColor\":\"rgb(153, 153, 153)\", \"color\":\"rgb(153, 153, 153)\", \"columnRule\":\"0px none rgb(153, 153, 153)\", \"columnRuleColor\":\"rgb(153, 153, 153)\", \"cursor\":\"text\", \"font\":\"300 24px / 34.2857px \\\"Source Sans Pro\\\"\", \"fontSize\":\"24px\", \"fontWeight\":\"300\", \"height\":\"53px\", \"inlineSize\":\"505px\", \"lineHeight\":\"34.2857px\", \"minBlockSize\":\"53px\", \"minHeight\":\"53px\", \"outline\":\"rgb(153, 153, 153) none 0px\", \"outlineColor\":\"rgb(153, 153, 153)\", \"overflow\":\"hidden\", \"overflowX\":\"hidden\", \"overflowY\":\"hidden\", \"padding\":\"10px 20px\", \"paddingBlock\":\"10px\", \"paddingBlockEnd\":\"10px\", \"paddingBlockStart\":\"10px\", \"paddingBottom\":\"10px\", \"paddingInline\":\"20px\", \"paddingInlineEnd\":\"20px\", \"paddingInlineStart\":\"20px\", \"paddingLeft\":\"20px\", \"paddingRight\":\"20px\", \"paddingTop\":\"10px\", \"perspectiveOrigin\":\"252.5px 26.5px\", \"scrollBehavior\":\"auto\", \"textDecoration\":\"none solid rgb(153, 153, 153)\", \"textDecorationColor\":\"rgb(153, 153, 153)\", \"transformOrigin\":\"252.5px 26.5px\", \"transition\":\"border-color 0.15s ease-in-out 0s, box-shadow 0.15s ease-in-out 0s\", \"transitionDelay\":\"0s, 0s\", \"transitionDuration\":\"0.15s, 0.15s\", \"transitionProperty\":\"border-color, box-shadow\", \"transitionTimingFunction\":\"ease-in-out, ease-in-out\", \"webkitAppearance\":\"auto\", \"webkitBorderAfter\":\"1px solid rgb(0, 185, 232)\", \"webkitBorderAfterColor\":\"rgb(0, 185, 232)\", \"webkitBorderAfterStyle\":\"solid\", \"webkitBorderAfterWidth\":\"1px\", \"webkitBorderBefore\":\"1px solid rgb(0, 185, 232)\", \"webkitBorderBeforeColor\":\"rgb(0, 185, 232)\", \"webkitBorderBeforeStyle\":\"solid\", \"webkitBorderBeforeWidth\":\"1px\", \"webkitBorderEnd\":\"1px solid rgb(0, 185, 232)\", \"webkitBorderEndColor\":\"rgb(0, 185, 232)\", \"webkitBorderEndStyle\":\"solid\", \"webkitBorderEndWidth\":\"1px\", \"webkitBorderStart\":\"1px solid rgb(0, 185, 232)\", \"webkitBorderStartColor\":\"rgb(0, 185, 232)\", \"webkitBorderStartStyle\":\"solid\", \"webkitBorderStartWidth\":\"1px\", \"webkitBoxShadow\":\"rgba(0, 0, 0, 0.075) 0px 1px 1px 0px inset\", \"webkitColumnRule\":\"0px none rgb(153, 153, 153)\", \"webkitColumnRuleColor\":\"rgb(153, 153, 153)\", \"webkitLogicalHeight\":\"53px\", \"webkitLogicalWidth\":\"505px\", \"webkitMinLogicalHeight\":\"53px\", \"webkitPaddingAfter\":\"10px\", \"webkitPaddingBefore\":\"10px\", \"webkitPaddingEnd\":\"20px\", \"webkitPaddingStart\":\"20px\", \"webkitPerspectiveOrigin\":\"252.5px 26.5px\", \"webkitTextEmphasisColor\":\"rgb(153, 153, 153)\", \"webkitTextFillColor\":\"rgb(153, 153, 153)\", \"webkitTextStrokeColor\":\"rgb(153, 153, 153)\", \"webkitTransformOrigin\":\"252.5px 26.5px\", \"webkitTransition\":\"border-color 0.15s ease-in-out 0s, box-shadow 0.15s ease-in-out 0s\", \"webkitTransitionDelay\":\"0s, 0s\", \"webkitTransitionDuration\":\"0.15s, 0.15s\", \"webkitTransitionProperty\":\"border-color, box-shadow\", \"webkitTransitionTimingFunction\":\"ease-in-out, ease-in-out\", \"width\":\"505px\"}}]}"}],"version_num":2,"source":"40","type":"tip","step_1_image1_placement":"t","title_lowercase":"validate of company name present","step_1_width":505,"step_1_key":1621285987958,"picture_modified_time":1606739410555,"step_1_parent_page_tags":[],"flow_id":"ad6cb2d0-b754-11eb-83df-32b5f385aed9","step_1_optional":false,"host":"-","step_1_top":408,"step_1_conditions":[{"andOr":"And","type":"variable","op1":"_wfx_smartTipLive","op2":"true","operator":"\u003d","originalAndOr":"And"},{"andOr":"And","type":"url","op1":"https://www.dooblo.net/contact/","operator":"\u003d","originalAndOr":"And"}],"step_1_validation_errors_md":"","published_at":1621337013969,"src_flow_id":"-","step_1_page_tags":[],"step_1_url":"https://www.dooblo.net/contact/","goal":"","author":"c9a762f0-3307-11eb-8638-bacbbe07b880","step_1_left":192,"step_1_auto_execute_action":2,"steps":1,"tags":[],"user_id":"c9a762f0-3307-11eb-8638-bacbbe07b880","step_1_spotlight":0,"step_1_description_md":"Please enter your company name!","step_1_image2_crop_left":244,"step_1_finder_ver":8,"step_1_note_md":"Don\u0027t forget to enter company name","step_1_image_height":821,"author_name":"-","step_1_data_validations":[],"step_1_action":2,"step_1_image1_top":273,"step_1_image2_left":-52,"author_user_name_md5":"f0955136318b76b0c25fdce1c90060214e9ed3f886faf2ce36dd3ae7090830d1","user_id_name":"-","title":"Validate of Company Name Present","step_1_creation_time":1621285987958,"run_direct":true,"step_1_image2_top":273,"user_id_reputation":170,"step_1_tag":"input","step_1_height":53,"step_1_input":"","step_1_image1_crop_left":145,"views":0,"failures":0,"step_1_image2_placement":"t","user_id_user_name_md5":"f0955136318b76b0c25fdce1c90060214e9ed3f886faf2ce36dd3ae7090830d1","authored_at":1621285987948,"step_1_image1_crop_top":135,"step_1_image_creation_time":1621285972277,"author_reputation":170,"step_1_update_time":1621337014018,"url":"https://www.dooblo.net/contact/","ent_id":"48d3b9f0-5cea-11eb-8b40-22a91d6e4464","step_1_placement":"r","mail_address_encrypted":"-","votes":0,"step_1_image1_left":47,"step_1_zoom":1.0,"runs":0,"step_1_parent_marks":[]},{"step_1_image2_crop_top":0,"step_1_image_width":1440,"step_1_marks":[{"attribute":"tag","value":"input"},{"attribute":"path","value":"body-3/div-3/div-1/div-5/section-1/div-1/div-1/section-5/div-3/form-3/div-1/div-1/div-1/span-0/"},{"attribute":"type","value":"text"},{"attribute":"depth","value":"16"},{"attribute":"placeholder","value":"First name"},{"attribute":"name","value":"f-name"},{"attribute":"class","value":"wpcf7-form-control wpcf7-text wpcf7-validates-as-required form-control"},{"attribute":"aria-required","value":"true"},{"attribute":"aria-invalid","value":"false"},{"attribute":"parent-tag","value":"span"},{"attribute":"parent-class","value":"wpcf7-form-control-wrap f-name"},{"attribute":"parent-fontWeight","value":"100"},{"attribute":"parent-textDecoration","value":"none solid rgb(51, 51, 51)"},{"attribute":"fontWeight","value":"300"},{"attribute":"textDecoration","value":"none solid rgb(153, 153, 153)"},{"attribute":"width","value":"505"},{"attribute":"height","value":"53"},{"attribute":"element_attributes","value":"[{\"name\":\"type\", \"value\":\"text\", \"count\":3},{\"name\":\"name\", \"value\":\"f-name\", \"count\":1},{\"name\":\"value\", \"value\":\"\", \"count\":4},{\"name\":\"size\", \"value\":\"40\", \"count\":4},{\"name\":\"aria-required\", \"value\":\"true\", \"count\":3},{\"name\":\"aria-invalid\", \"value\":\"false\", \"count\":5},{\"name\":\"placeholder\", \"value\":\"First name\", \"count\":1}]"},{"attribute":"visual_marks","value":"{\"screen_resoution_height\":900, \"screen_resoution_width\":1440, \"website_height\":1208, \"website_width\":1440, \"style_marks\":[{\"height\":51, \"width\":503, \"position_x\":200, \"position_y\":655, \"computed_style\":{\"appearance\":\"auto\", \"blockSize\":\"53px\", \"border\":\"1px solid rgb(0, 185, 232)\", \"borderBlock\":\"1px solid rgb(0, 185, 232)\", \"borderBlockColor\":\"rgb(0, 185, 232)\", \"borderBlockEnd\":\"1px solid rgb(0, 185, 232)\", \"borderBlockEndColor\":\"rgb(0, 185, 232)\", \"borderBlockEndStyle\":\"solid\", \"borderBlockEndWidth\":\"1px\", \"borderBlockStart\":\"1px solid rgb(0, 185, 232)\", \"borderBlockStartColor\":\"rgb(0, 185, 232)\", \"borderBlockStartStyle\":\"solid\", \"borderBlockStartWidth\":\"1px\", \"borderBlockStyle\":\"solid\", \"borderBlockWidth\":\"1px\", \"borderBottom\":\"1px solid rgb(0, 185, 232)\", \"borderBottomColor\":\"rgb(0, 185, 232)\", \"borderBottomStyle\":\"solid\", \"borderBottomWidth\":\"1px\", \"borderColor\":\"rgb(0, 185, 232)\", \"borderInline\":\"1px solid rgb(0, 185, 232)\", \"borderInlineColor\":\"rgb(0, 185, 232)\", \"borderInlineEnd\":\"1px solid rgb(0, 185, 232)\", \"borderInlineEndColor\":\"rgb(0, 185, 232)\", \"borderInlineEndStyle\":\"solid\", \"borderInlineEndWidth\":\"1px\", \"borderInlineStart\":\"1px solid rgb(0, 185, 232)\", \"borderInlineStartColor\":\"rgb(0, 185, 232)\", \"borderInlineStartStyle\":\"solid\", \"borderInlineStartWidth\":\"1px\", \"borderInlineStyle\":\"solid\", \"borderInlineWidth\":\"1px\", \"borderLeft\":\"1px solid rgb(0, 185, 232)\", \"borderLeftColor\":\"rgb(0, 185, 232)\", \"borderLeftStyle\":\"solid\", \"borderLeftWidth\":\"1px\", \"borderRight\":\"1px solid rgb(0, 185, 232)\", \"borderRightColor\":\"rgb(0, 185, 232)\", \"borderRightStyle\":\"solid\", \"borderRightWidth\":\"1px\", \"borderStyle\":\"solid\", \"borderTop\":\"1px solid rgb(0, 185, 232)\", \"borderTopColor\":\"rgb(0, 185, 232)\", \"borderTopStyle\":\"solid\", \"borderTopWidth\":\"1px\", \"borderWidth\":\"1px\", \"boxShadow\":\"rgba(0, 0, 0, 0.075) 0px 1px 1px 0px inset\", \"caretColor\":\"rgb(153, 153, 153)\", \"color\":\"rgb(153, 153, 153)\", \"columnRule\":\"0px none rgb(153, 153, 153)\", \"columnRuleColor\":\"rgb(153, 153, 153)\", \"cursor\":\"text\", \"font\":\"300 24px / 34.2857px \\\"Source Sans Pro\\\"\", \"fontSize\":\"24px\", \"fontWeight\":\"300\", \"height\":\"53px\", \"inlineSize\":\"505px\", \"lineHeight\":\"34.2857px\", \"minBlockSize\":\"53px\", \"minHeight\":\"53px\", \"outline\":\"rgb(153, 153, 153) none 0px\", \"outlineColor\":\"rgb(153, 153, 153)\", \"overflow\":\"hidden\", \"overflowX\":\"hidden\", \"overflowY\":\"hidden\", \"padding\":\"10px 20px\", \"paddingBlock\":\"10px\", \"paddingBlockEnd\":\"10px\", \"paddingBlockStart\":\"10px\", \"paddingBottom\":\"10px\", \"paddingInline\":\"20px\", \"paddingInlineEnd\":\"20px\", \"paddingInlineStart\":\"20px\", \"paddingLeft\":\"20px\", \"paddingRight\":\"20px\", \"paddingTop\":\"10px\", \"perspectiveOrigin\":\"252.5px 26.5px\", \"scrollBehavior\":\"auto\", \"textDecoration\":\"none solid rgb(153, 153, 153)\", \"textDecorationColor\":\"rgb(153, 153, 153)\", \"transformOrigin\":\"252.5px 26.5px\", \"transition\":\"border-color 0.15s ease-in-out 0s, box-shadow 0.15s ease-in-out 0s\", \"transitionDelay\":\"0s, 0s\", \"transitionDuration\":\"0.15s, 0.15s\", \"transitionProperty\":\"border-color, box-shadow\", \"transitionTimingFunction\":\"ease-in-out, ease-in-out\", \"webkitAppearance\":\"auto\", \"webkitBorderAfter\":\"1px solid rgb(0, 185, 232)\", \"webkitBorderAfterColor\":\"rgb(0, 185, 232)\", \"webkitBorderAfterStyle\":\"solid\", \"webkitBorderAfterWidth\":\"1px\", \"webkitBorderBefore\":\"1px solid rgb(0, 185, 232)\", \"webkitBorderBeforeColor\":\"rgb(0, 185, 232)\", \"webkitBorderBeforeStyle\":\"solid\", \"webkitBorderBeforeWidth\":\"1px\", \"webkitBorderEnd\":\"1px solid rgb(0, 185, 232)\", \"webkitBorderEndColor\":\"rgb(0, 185, 232)\", \"webkitBorderEndStyle\":\"solid\", \"webkitBorderEndWidth\":\"1px\", \"webkitBorderStart\":\"1px solid rgb(0, 185, 232)\", \"webkitBorderStartColor\":\"rgb(0, 185, 232)\", \"webkitBorderStartStyle\":\"solid\", \"webkitBorderStartWidth\":\"1px\", \"webkitBoxShadow\":\"rgba(0, 0, 0, 0.075) 0px 1px 1px 0px inset\", \"webkitColumnRule\":\"0px none rgb(153, 153, 153)\", \"webkitColumnRuleColor\":\"rgb(153, 153, 153)\", \"webkitLogicalHeight\":\"53px\", \"webkitLogicalWidth\":\"505px\", \"webkitMinLogicalHeight\":\"53px\", \"webkitPaddingAfter\":\"10px\", \"webkitPaddingBefore\":\"10px\", \"webkitPaddingEnd\":\"20px\", \"webkitPaddingStart\":\"20px\", \"webkitPerspectiveOrigin\":\"252.5px 26.5px\", \"webkitTextEmphasisColor\":\"rgb(153, 153, 153)\", \"webkitTextFillColor\":\"rgb(153, 153, 153)\", \"webkitTextStrokeColor\":\"rgb(153, 153, 153)\", \"webkitTransformOrigin\":\"252.5px 26.5px\", \"webkitTransition\":\"border-color 0.15s ease-in-out 0s, box-shadow 0.15s ease-in-out 0s\", \"webkitTransitionDelay\":\"0s, 0s\", \"webkitTransitionDuration\":\"0.15s, 0.15s\", \"webkitTransitionProperty\":\"border-color, box-shadow\", \"webkitTransitionTimingFunction\":\"ease-in-out, ease-in-out\", \"width\":\"505px\"}}]}"}],"version_num":1,"source":"40","type":"tip","step_1_image1_placement":"t","title_lowercase":"test dooblo","step_1_width":505,"step_1_key":1620138767775,"picture_modified_time":1606739410555,"step_1_parent_page_tags":[],"flow_id":"98e90b70-ace5-11eb-b83f-3e2a4292da47","step_1_optional":false,"host":"-","step_1_top":268,"step_1_conditions":[],"step_1_validation_errors_md":"Dont enter anything here","published_at":1620138767761,"src_flow_id":"-","step_1_page_tags":[],"step_1_url":"https://www.dooblo.net/contact/","goal":"","author":"c9a762f0-3307-11eb-8638-bacbbe07b880","step_1_left":200,"step_1_auto_execute_action":-1,"steps":1,"tags":[],"user_id":"c9a762f0-3307-11eb-8638-bacbbe07b880","step_1_spotlight":0,"step_1_description_md":"","step_1_image2_crop_left":252,"step_1_finder_ver":8,"step_1_note_md":"","step_1_image_height":821,"author_name":"-","step_1_data_validations":[{"andOr":"AND","type":"character_length","op1":"0","operator":"\u003e\u003d","originalAndOr":"AND"}],"step_1_action":6,"step_1_image1_top":268,"step_1_image2_left":-52,"author_user_name_md5":"f0955136318b76b0c25fdce1c90060214e9ed3f886faf2ce36dd3ae7090830d1","user_id_name":"-","title":"Test Dooblo","step_1_creation_time":1620138767775,"run_direct":true,"step_1_image2_top":268,"user_id_reputation":170,"step_1_tag":"input","step_1_height":53,"step_1_input":"","step_1_image1_crop_left":153,"views":0,"failures":0,"step_1_image2_placement":"t","user_id_user_name_md5":"f0955136318b76b0c25fdce1c90060214e9ed3f886faf2ce36dd3ae7090830d1","authored_at":1620138767761,"step_1_image1_crop_top":0,"step_1_image_creation_time":1620138751804,"author_reputation":170,"step_1_update_time":1620138767775,"url":"https://www.dooblo.net/contact/","ent_id":"48d3b9f0-5cea-11eb-8b40-22a91d6e4464","step_1_placement":"t","mail_address_encrypted":"-","votes":0,"step_1_image1_left":47,"step_1_zoom":1.0,"runs":0,"step_1_parent_marks":[]}],"meta":{"records":20,"has_search":true,"noindex_tag":"48dba930-5cea-11eb-8b40-22a91d6e4464"}}