[{"ent_id":"48d3b9f0-5cea-11eb-8b40-22a91d6e4464","update_time":1611344687894,"flows":0,"name":"wfx_play_as_popup","description":"Flow with this tag will play as a pop up","tag_id":"48fdd730-5cea-11eb-8b40-22a91d6e4464","type":"system"},{"ent_id":"48d3b9f0-5cea-11eb-8b40-22a91d6e4464","update_time":1611344687894,"flows":0,"name":"spotlight","description":"Flows with this tag will spotlight the elements in the flow","tag_id":"48ea7640-5cea-11eb-8b40-22a91d6e4464","type":"system"},{"ent_id":"48d3b9f0-5cea-11eb-8b40-22a91d6e4464","update_time":1611344687894,"flows":0,"name":"extension","description":"Flows with this tag will require browser extension for the live option","tag_id":"48e238e0-5cea-11eb-8b40-22a91d6e4464","type":"system"},{"ent_id":"48d3b9f0-5cea-11eb-8b40-22a91d6e4464","update_time":1611344687894,"flows":0,"name":"noindex","description":"Flows with this tag cannot be searched","tag_id":"48dba930-5cea-11eb-8b40-22a91d6e4464","type":"system"},{"ent_id":"48d3b9f0-5cea-11eb-8b40-22a91d6e4464","update_time":1611344687894,"flows":0,"name":"nolive","description":"Flows with this tag will not have see live option","tag_id":"48d4cb60-5cea-11eb-8b40-22a91d6e4464","type":"system"}]