{"step_1_data_validations":[{"andOr":"AND","type":"character_length","op1":"0","operator":"\u003e\u003d","originalAndOr":"AND"}],"step_1_parent_page_tags":[],"step_1_image2_left":-52,"step_1_image_height":821,"ent":{"account_type":"Trial","data_version":8,"login_type":"native","role_filtering_enabled":true,"cdn_enabled":true,"noindex_tag":"48dba930-5cea-11eb-8b40-22a91d6e4464","wfx_play_as_popup_tag":"48fdd730-5cea-11eb-8b40-22a91d6e4464","global_data_version_info":{"data_version":8},"allow_emails":["whatfix.com"],"ent_integration_attributes":[],"export":true,"custom_extension":{"currently_linked":"false","previously_linked":"false","name":"Dooblo Test","description":"Dooblo Test","enabled":"false","matches":"*://*.dooblo.net/*","exclude_matches":"","embed_url":"","image_name":"","account_emailid":"","extension_id":"","edge_prod_cdn_enabled":"true","config_expiry_times":"","polling_interval_for_force_update":"10","force_update_enabled":"true","cus_ext_install_page_banner_name":"","cus_ext_install_redirect_url":"","extension_config_updated_at":"1611345311076"},"extension_tag":"48e238e0-5cea-11eb-8b40-22a91d6e4464","sh_segments":[{"creation_time":1611344688552,"tag_ids":[],"version_num":1,"created_data_version":"","updated_data_version":"","type":"sh","created_by":"-","enabled":true,"ent_id":"48d3b9f0-5cea-11eb-8b40-22a91d6e4464","user_id":"-","name":"Default Segment","modified_by":"-","flow_ids":[],"ent_name":"shankar_dooblo_test","conditions":[],"segment_id":"49393280-5cea-11eb-8b40-22a91d6e4464","modification_time":1611344688552,"segment_order":[],"order":[]}],"additional_features":["analytics_events_beta","useraction_visibility_rules","cwf_frame_communication","ot_newbeacon","sba_dashboard","display_user_data","deployment_whatfix_version","analytics_beta_features","ot_newpopup","analytics_ua_engagement","analytics_ua_tags","smart_tips_new","cagg_ui_view_status","kb_configure","ot_hidespgpanalytics","jit_audio_walkthrough","css_zoom_factor","jit_modify_carousel_popup"],"tags":[],"export_filter":[],"org_id":"-","name":"shankar_dooblo_test","non_api_mode":true,"be_segments":[],"spotlight_tag":"48ea7640-5cea-11eb-8b40-22a91d6e4464","nolive_tag":"48d4cb60-5cea-11eb-8b40-22a91d6e4464","gp_segments":[],"kb_limit":5,"theme":{"help_need_tip":"show","tip_theme_type":"modern","pdf_logo_height":"15","tl_key":"76","tip_next_key":"78","beacon_tip_font_color":"#ffffff","help_icon_text_size":"14","help_icon_position":"rtm","tip_back_button_required":"true","beacon_animation_type":"radial","help_wid_mode":"live_here","help_wid_color":"#00BCD4","help_key":"87","help_need_animation":"show","show_pdf_header":"show","show_pdf_footer":"show","help_wid_header_show":"show","beacon_tip_bg_color":"#19265d","beacon_tip_font_style":"normal","beacon_tip_font_weight":"normal","beacon_tip_font_size":"16","tip_back_key":"66","pdf_style":"portrait","help_wid_header_text_color":"#FFFFFF","help_icon_bg_color":"#00BCD4","tip_close_key":"81","help_icon_text_color":"#FFFFFF"},"popup_segments":[{"creation_time":1616102329295,"css":".popupTemplateCard {\n          transition: 0.3s;\n          width: 100%;\n          background: transparent;\n          border-radius: 5px;\n          position: relative;\n          height: auto;\n          max-height: 550px;\n          max-width: 800px;\n        }\n\n        .popupTemplateCard-content{\n            background:#ffffff;\n            border-radius:4px;\n        }\n\n        .popupTemplateCard-outerPanel {\n          height: 36px;\n          width: 100%;\n          position: relative;\n          margin: 0px !important;\n          background: transparent;\n          opacity: 1;\n        }\n        \n        .popupTemplateCard-popupCloseButton {\n          position: absolute;\n          right: 10px !important;\n          top: 48px !important;\n          z-index: 1;\n        }\n        \n        .wfxImage {\n          height:100px;\n          width:100px;\n          border-radius:50%;  \n        }\n\n        .wfxImageContainer {\n          height: 100px;\n          width: 100px;\n          top: -36px;\n          position: relative;\n          margin: 0 auto;\n        }\n        \n        .wfxMedia {\n          vertical-align: middle;\n          max-width: 100%;\n          max-height: 100%;\n        }\n        \n        .popupTemplateFooter {\n          padding-top: 30px;\n          padding-bottom: 20px;\n          text-align: center;\n        }\n        \n        .popupCenterAlign {\n          display: table;\n          margin-left: auto;\n          margin-right: auto;\n        }\n        \n        .templateTitle {\n          margin-left: 5%;\n          margin-right: 5%;\n          position: relative;\n          font-weight: 600;\n          font-size: 18px;\n          line-height: 25px;\n          text-align: center;\n          overflow: hidden;\n          color: #596377;\n          max-height: 50px;\n          min-height: 25px;\n          width: 90%;\n          margin-top: -2px;\n        }\n        \n        .templateTitle p {\n          margin: 0px !important;\n        }\n        \n        .templateDescription {\n          margin-left: 5%;\n          margin-right: 5%;\n          position: relative;\n          font-weight: normal;\n          font-size: 14px;\n          text-align: center;\n          overflow-y: auto;\n          overflow-x: hidden;\n          wrap: break-word;\n          color: #6c798e;\n          max-height: 230px;\n          line-height: 23px;\n          min-height: 40px;\n          width: 90%;\n          margin-top: 15px;\n        }\n        \n        .templateDescription p {\n           margin: 0px !important;\n        }\n        \n        .popupBtn {\n          background: #f4f5f7;\n          border: none;\n          color: white;\n          text-align: center;\n          text-decoration: none;\n          display: inline-block;\n          font-size: 14px;\n          font-weight: normal;\n          width: 136px;\n          height: 34px;\n          margin-left: 9px;\n          margin-right: 18px;\n          border-radius: 3px;\n          vertical-align: top;\n          outline: none;\n          transition: 0.2s ease;\n\t\t  word-break: break-all;\n\t\t  overflow:hidden;\n        }\n        \n        .popupBtn p{ \n\t      margin:0px !important; \n\t\t}\n\n\t\t.popupTemplateCard-dontShow-panel {\n\t\t\tbackground: #FFFFFF;\n\t\t}\n\t\t\n        .cyan {\n          background: #00bcd4;\n          color: white;\n        }","code":"\n\u003cWfxDiv className\u003d\"popupTemplateCard-outerPanel\"\u003e\n\u003c/WfxDiv\u003e\n\u003cWfxDiv className\u003d\"popupTemplateCard-content\"\u003e\n\u003cWfxAvatar id \u003d \"avatar_1\" className\u003d\"Wfx_avatar\"\ndefaultURL\u003d{getImageSource(\"avatar_1\")}\nchangeListener\u003d{updateImage}\nheight\u003d{getImageHeight(\"avatar_1\")} \nwidth\u003d{getImageWidth(\"avatar_1\")}\nvideo\u003d{getisVideo(\"avatar_1\")}\nalternateText\u003d{getImageAltText(\"avatar_1\")}\n/\u003e\n\u003cWfxTitle\n  id\u003d\"segment_title_1\"\n  className\u003d\"templateTitle\"\n  titleContent\u003d{getRTEContent(\"segment_title_1\")}\n  saveListener\u003d{contentChangeListener}\n/\u003e\n\u003cWfxDescription\n  id\u003d\"segment_desc_1\"\n  className\u003d\"templateDescription\"\n  descContent\u003d{getRTEContent(\"segment_desc_1\")}\n  saveListener\u003d{contentChangeListener}\n/\u003e\n\u003cWfxDiv className\u003d\"popupTemplateFooter\"\u003e\n  \u003cWfxButton\n    id\u003d\"segment_prim_btn_1\"\n    className\u003d\"wfx_primary_button\"\n    selectedButtonEvent\u003d{getButtonEventType(\"segment_prim_btn_1\")}\n    selectedButtonValue\u003d{getButtonEventValue(\"segment_prim_btn_1\")}\n    buttonStyle\u003d{getButtonStyle(\"segment_prim_btn_1\")}\n    buttonText\u003d{getButtonText(\"segment_prim_btn_1\")}\n    buttonHoverColor\u003d{getButtonHoverColor(\"segment_prim_btn_1\")}\n    buttonCornerRad\u003d{getButtonCornerRad(\"segment_prim_btn_1\")}              \n    buttonColor\u003d{getButtonColor(\"segment_prim_btn_1\")}\n    buttonChangeListener\u003d{updateButton}\n  /\u003e\n\u003c/WfxDiv\u003e\n\u003c/WfxDiv\u003e","html_md":"\u003cdiv class\u003d\"popupTemplateCard\"\u003e\n \u003cdiv class\u003d\"popupTemplateCard-popupCloseButton\" id\u003d\"popupClosePanel\"\u003e\n  \u003csvg width\u003d\"16\" height\u003d\"16\" viewbox\u003d\"0 0 16 16\" fill\u003d\"none\" id\u003d\"popupCloseBtn\"\u003e\n   \u003cg filter\u003d\"url(#prefix__filter0_d)\"\u003e\n    \u003cpath d\u003d\"M8.013 6.784l3.643-3.643 1.22 1.22-3.643 3.643L13 11.771 11.771 13 8.004 9.233 4.38 12.858l-1.22-1.22 3.625-3.625L3 4.23 4.229 3l3.784 3.784z\" fill\u003d\"#6C798E\"\u003e\u003c/path\u003e\n    \u003cpath d\u003d\"M8.013 6.077l-3.43-3.43a.5.5 0 00-.708 0L2.646 3.874a.5.5 0 000 .708l3.431 3.43-3.271 3.272a.5.5 0 000 .707l1.22 1.22a.5.5 0 00.707 0l3.271-3.271 3.413 3.413a.5.5 0 00.708 0l1.229-1.23a.5.5 0 000-.707L9.94 8.004l3.289-3.289a.5.5 0 000-.707l-1.22-1.22a.5.5 0 00-.707 0l-3.29 3.29z\" stroke\u003d\"#fff\" stroke-opacity\u003d\"0.3\" stroke-linejoin\u003d\"round\"\u003e\u003c/path\u003e\n   \u003c/g\u003e\u003cdefs\u003e\n    \u003cfilter id\u003d\"prefix__filter0_d\" x\u003d\"0\" y\u003d\"0\" width\u003d\"16\" height\u003d\"16\" filterunits\u003d\"userSpaceOnUse\" color-interpolation-filters\u003d\"sRGB\"\u003e\n     \u003cfeflood flood-opacity\u003d\"0\" result\u003d\"BackgroundImageFix\"\u003e\u003c/feflood\u003e\n     \u003cfecolormatrix in\u003d\"SourceAlpha\" values\u003d\"0 0 0 0 0 0 0 0 0 0 0 0 0 0 0 0 0 0 127 0\"\u003e\u003c/fecolormatrix\u003e\n     \u003cfeoffset\u003e\u003c/feoffset\u003e\n     \u003cfegaussianblur stddeviation\u003d\"1\"\u003e\u003c/fegaussianblur\u003e\n     \u003cfecolormatrix values\u003d\"0 0 0 0 1 0 0 0 0 1 0 0 0 0 1 0 0 0 1 0\"\u003e\u003c/fecolormatrix\u003e\n     \u003cfeblend in2\u003d\"BackgroundImageFix\" result\u003d\"effect1_dropShadow\"\u003e\u003c/feblend\u003e\n     \u003cfeblend in\u003d\"SourceGraphic\" in2\u003d\"effect1_dropShadow\" result\u003d\"shape\"\u003e\u003c/feblend\u003e\n    \u003c/filter\u003e\n   \u003c/defs\u003e\n  \u003c/svg\u003e\n \u003c/div\u003e\n \u003cdiv class\u003d\"popupTemplateCard-outerPanel\"\u003e \n \u003c/div\u003e \n \u003cdiv class\u003d\"popupTemplateCard-content\"\u003e \n  \u003cdiv class\u003d\"wfxImageContainer Wfx_avatar\"\u003e\n   \u003cdiv class\u003d\"\" style\u003d\"height: 100%; width: 100%;\"\u003e\n    \u003cdiv class\u003d\"wfxMedia-pointer\" style\u003d\"border-radius: 50%; border-width: 4px; border-color: white;\"\u003e\n     \u003cimg id\u003d\"avatar_1\" class\u003d\"wfxImage\" height\u003d\"100px\" width\u003d\"100px\" src\u003d\"https://whatfix.com/images/Avatar.png\" alt\u003d\"\" style\u003d\"color: rgb(126, 136, 144);\"\u003e\n     \u003cdiv class\u003d\"img_overlay\"\u003e\n      \u003cdiv class\u003d\"loader_display_none\"\u003e\u003c/div\u003e\n     \u003c/div\u003e\n    \u003c/div\u003e\n   \u003c/div\u003e\n  \u003c/div\u003e \n  \u003cdiv id\u003d\"segment_title_1\" class\u003d\"templateTitle\"\u003e\n   \u003cdiv class\u003d\"fr-box\" role\u003d\"application\"\u003e\n    \u003cdiv class\u003d\"fr-wrapper\" dir\u003d\"auto\"\u003e\n     \u003cdiv class\u003d\"fr-element fr-view\" dir\u003d\"auto\" contenteditable\u003d\"true\" aria-disabled\u003d\"false\" spellcheck\u003d\"true\"\u003e\n      \u003cp style\u003d\"\"\u003eHurray! We’re expanding.\u003c/p\u003e\n     \u003c/div\u003e\u003cspan class\u003d\"fr-placeholder\" style\u003d\"font-size: 18px; line-height: 25px; margin-top: 0px; padding-top: 0px; padding-left: 0px; margin-left: 0px; padding-right: 0px; margin-right: 0px; text-align: center;\"\u003eType something\u003c/span\u003e\n    \u003c/div\u003e\n   \u003c/div\u003e\n  \u003c/div\u003e \n  \u003cdiv id\u003d\"segment_desc_1\" class\u003d\"templateDescription\"\u003e\n   \u003cdiv class\u003d\"fr-box\" role\u003d\"application\"\u003e\n    \u003cdiv class\u003d\"fr-wrapper\" dir\u003d\"auto\"\u003e\n     \u003cdiv class\u003d\"fr-element fr-view\" dir\u003d\"auto\" contenteditable\u003d\"true\" aria-disabled\u003d\"false\" spellcheck\u003d\"true\"\u003e\n      \u003cp style\u003d\"\"\u003eDummy text is text that is used in the publishing industry or by web designers to occupy the space which will later be filled with \u0027real\u0027 content.\u003c/p\u003e\n     \u003c/div\u003e\u003cspan class\u003d\"fr-placeholder\" style\u003d\"font-size: 14px; line-height: 23px; margin-top: 0px; padding-top: 0px; padding-left: 0px; margin-left: 0px; padding-right: 0px; margin-right: 0px; text-align: center;\"\u003eType something\u003c/span\u003e\n    \u003c/div\u003e\n   \u003c/div\u003e\n  \u003c/div\u003e \n  \u003cdiv class\u003d\"popupTemplateFooter\"\u003e \n   \u003cdiv class\u003d\"popupTemplateButton wfx_primary_button\" style\u003d\"display: inline-block;\"\u003e\n    \u003cdiv class\u003d\"\" style\u003d\"height: 100%; width: 100%;\"\u003e\n     \u003cbutton id\u003d\"segment_prim_btn_1\" type\u003d\"text\" class\u003d\"sc-LzMXI iJEqnj popupBtn cyan\"\u003e\n      \u003cdiv id\u003d\"segment_prim_btn_1\" class\u003d\"wfxButtonText\" role\u003d\"presentation\"\u003e\n       \u003cdiv class\u003d\"fr-box\" role\u003d\"application\"\u003e\n        \u003cdiv class\u003d\"fr-wrapper\" dir\u003d\"auto\"\u003e\n         \u003cdiv class\u003d\"fr-element fr-view\" dir\u003d\"auto\" contenteditable\u003d\"true\" aria-disabled\u003d\"false\" spellcheck\u003d\"true\"\u003e\n          \u003cp style\u003d\"\"\u003eNext\u003c/p\u003e\n         \u003c/div\u003e\u003cspan class\u003d\"fr-placeholder\" style\u003d\"font-size: 14px; line-height: normal; margin-top: 0px; padding-top: 0px; padding-left: 0px; margin-left: 0px; padding-right: 0px; margin-right: 0px; text-align: center;\"\u003eAdd Button Text\u003c/span\u003e\n        \u003c/div\u003e\n       \u003c/div\u003e\n      \u003c/div\u003e\u003c/button\u003e\n    \u003c/div\u003e\n   \u003c/div\u003e \n  \u003c/div\u003e \n \u003c/div\u003e\n\u003c/div\u003e","version_num":1,"created_data_version":"","updated_data_version":"","type":"popup","created_by":"c9a762f0-3307-11eb-8638-bacbbe07b880","enabled":true,"ent_id":"48d3b9f0-5cea-11eb-8b40-22a91d6e4464","user_id":"c9a762f0-3307-11eb-8638-bacbbe07b880","component_properties":"{\"template\":{\"desktop_max_height\":\"550\",\"desktop_max_width\":\"800\",\"desktop_min_height\":\"264\",\"desktop_min_width\":\"342\",\"desktop_width\":\"480\",\"mobile_max_height\":\"465\",\"mobile_width\":\"320\"},\"segment_title_1\":{\"content_md\":\"Hurray! We’re expanding.\",\"type\":\"WfxTitle\",\"timestamp\":\"1616102329277\"},\"segment_desc_1\":{\"content_md\":\"Dummy text is text that is used in the publishing industry or by web designers to occupy the space which will later be filled with \\u0027real\\u0027 content.\",\"type\":\"WfxDescription\",\"timestamp\":\"1616102329277\"},\"segment_prim_btn_1\":{\"btn_action\":\"close\",\"btn_target\":\"\",\"btn_style\":\"popupBtn cyan\",\"btn_text_md\":\"Next\",\"btn_corner_radius\":3.0,\"btn_hover_color\":\"#00bcd4\",\"btn_color\":\"#02bed8\",\"type\":\"WfxButton\",\"timestamp\":\"1616102329277\"},\"avatar_1\":{\"type\":\"WfxAvatar\",\"alt\":\"\",\"src\":\"https://whatfix.com/images/Avatar.png\"}}","name":"First Time Popup","times_to_show":4,"css_mobile":".popupTemplateCard {\n    transition: 0.3s;\n    background: transparent;\n    border-radius: 5px;\n    position: relative;\n    height: auto;\n    width: 320px;\n    max-height: 465px;\n}\n\n.popupTemplateCard-outerPanel {\n    height: 36px;\n    width: 100%;\n    position: relative;\n    margin: 0px !important;\n    background: transparent;\n    opacity: 1;\n}\n\n.popupTemplateCard-content{\n    background:#ffffff;\n    border-radius:4px;\n}\n\n.popupTemplateCard-popupCloseButton {\n    position: absolute;\n\tz-index: 1;\n    right: 6px !important;\n    top: 48px !important;\n}\n\n.wfxImageContainer {\n    height: 100px;\n    width: 100px;\n    top: -36px;\n    position: relative;\n    margin: 0 auto;\n}\n\n.wfxMedia {\nvertical-align: middle;\nmax-width: 100%;\nmax-height: 100%;\n}\n\n        .wfxImage {\n          height:100px;\n          width:100px;\n          border-radius:50%;  \n        }\n        \n.popupTemplateFooter {\n    padding-top: 22px;\n    padding-bottom: 12px;\n    text-align: center;\n}\n        \n.popupCenterAlign {\ndisplay: table;\nmargin-left: auto;\nmargin-right: auto;\n}\n\n.templateTitle {\n    margin-left: 5%;\n    margin-right: 5%;\n    position: relative;\n    font-weight: 600;\n    font-size: 18px;\n    line-height: 25px;\n    text-align: center;\n    overflow: hidden;\n    color: #596377;\n    max-height: 50px;\n    min-height: 25px;\n    width: 90%;\n    margin-top: -12px;\n}\n\n.templateTitle p {\n    margin: 0px !important;\n}\n\n.templateDescription {\n    margin-left: 5%;\n    margin-right: 5%;\n    position: relative;\n    font-weight: normal;\n    font-size: 14px;\n    text-align: center;\n    overflow-y: auto;\n    max-height: 175px;\n    overflow-x: hidden;\n    wrap: break-word;\n    color: #6c798e;\n    line-height: 23px;\n    min-height: 40px;\n    width: 90%;\n    margin-top: 10px;\n}\n\n.templateDescription p {\n    margin: 0px !important;\n}\n        \n.popupBtn {\n    background: #f4f5f7;\n    border: none;\n    color: white;\n    text-align: center;\n    text-decoration: none;\n    display: inline-block;\n    font-size: 14px;\n    font-weight: normal;\n    width: 136px;\n    height: 34px;\n    margin: 5px;\n    border-radius: 3px;\n    vertical-align: top;\n    outline: none;\n    transition: 0.2s ease;\n\tword-break: break-all;\n\toverflow:hidden;\n}\n\n.popupBtn p{ \n    margin:0px !important; \n}\n\n.popupTemplateCard-dontShow-panel {\n\tbackground: #FFFFFF;\n}\n\n.cyan {\nbackground: #00bcd4;\ncolor: white;\n}","modified_by":"c9a762f0-3307-11eb-8638-bacbbe07b880","theme":{"xOnPopup":"true","dontShowAgain":"false","carouselDots":"false","carouselArrows":"false"},"ent_name":"shankar_dooblo_test","conditions":[{"andOr":"And","op1":"firstTimePopup","op2":"true","operator":"\u003d","originalAndOr":"And","type":"variable"}],"segment_id":"8813c6d0-882f-11eb-ba1b-32b5f385aed9","modification_time":1616102329379},{"creation_time":1612352938201,"timestamp_component_properties":1612966612161,"css":".popupTemplateCard {\n    box-shadow: 0 4px 8px 0 rgba(0, 0, 0, 0.2);\n    transition: 0.3s;\n    width: 100%;\n    background: #ffffff;\n    border-radius: 5px;\n    position: relative;\n    height: auto;\n    max-height: 520px;\n    max-width: 800px;\n}\n\n.popupTemplateFooter {\n    padding-top: 23px;\n    padding-bottom: 20px;\n    text-align: center;\n    bottom: 15px;\n    left: 0;\n    right: 0;\n}\n\n.wfxImageContainer {\n    height: 90px;\n    width: 100%;\n    margin-top: 50px;\n}\n\n.wfxMedia {\n    vertical-align: middle;\n    max-width: 100%;\n    max-height: 100%;\n}\n\n.popupCenterAlign {\n    display: table;\n    margin-left: auto;\n    margin-right: auto;\n}\n\n.templateTitle {\n    margin-left: 5%;\n    margin-right: 5%;\n    position: relative;\n    font-weight: 600;\n    font-size: 18px;\n    line-height: 25px;\n    text-align: center;\n    overflow: hidden;\n    color: #596377;\n    max-height: 50px;\n    min-height: 25px;\n    width: 90%;\n    top: 25px;\n}\n\n.templateTitle p {\n    margin: 0px !important;\n}\n\n.templateDescription {\n    margin-left: 5%;\n    margin-right: 5%;\n    position: relative;\n    font-weight: normal;\n    font-size: 14px;\n    line-height: 19px;\n    text-align: center;\n    overflow-y: auto;\n    overflow-x: hidden;\n    -wrap: break-word;\n    color: #6c798e;\n    max-height: 183px;\n    min-height: 40px;\n    width: 90%;\n    margin-top: 30px;\n}\n\n.templateDescription p {\n    margin: 0px !important;\n}\n\n.popupBtn {\n    background: #f4f5f7;\n    border: none;\n    color: white;\n    text-align: center;\n    text-decoration: none;\n    display: inline-block;\n    font-size: 14px;\n    font-weight: 600;\n    width: 250px;\n    height: 40px;\n    border-radius: 3px;\n    vertical-align: top;\n    outline: none;\n    transition: 0.2s ease;\n    word-break: break-all;\n    overflow: hidden;\n}\n\n.popupBtn p {\n    margin: 0px !important;\n}\n\n.popupTemplateCard-popupCloseButton {\n    position: absolute;\n    z-index: 1;\n    right: 10px;\n    top: 15px;\n}\n\n.cyan {\n    background: #00bcd4;\n    color: white;\n}","code":"\u003cWfxTitle id\u003d\"segment_title_1\"\n    className\u003d\"templateTitle\"\n    titleContent\u003d{getRTEContent(\"segment_title_1\")}\n    saveListener\u003d{contentChangeListener} /\u003e\n\u003cWfxMedia id\u003d\"segment_image_1\"\n    className\u003d\"wfxMedia\"\n    height\u003d{getImageHeight(\"segment_image_1\")}\n    width\u003d{getImageWidth(\"segment_image_1\")}\n    sourceURL\u003d{getImageSource(\"segment_image_1\")}\n    alternateText\u003d{getImageAltText(\"segment_image_1\")}\n    video\u003d{getisVideo(\"segment_image_1\")}\n    imageChangeListener\u003d{updateImage} /\u003e\n\u003cWfxDescription id\u003d\"segment_desc_1\"\n    className\u003d\"templateDescription\"\n    descContent\u003d{getRTEContent(\"segment_desc_1\")}\n    saveListener\u003d{contentChangeListener} /\u003e\n\u003cWfxDiv className\u003d\"popupTemplateFooter\"\u003e\n    \u003cWfxButton id\u003d\"segment_prim_btn_1\"\n        className\u003d\"wfx_primary_button\"\n        selectedButtonEvent\u003d{getButtonEventType(\"segment_prim_btn_1\")}\n        selectedButtonValue\u003d{getButtonEventValue(\"segment_prim_btn_1\")}\n        buttonStyle\u003d{getButtonStyle(\"segment_prim_btn_1\")}\n        buttonText\u003d{getButtonText(\"segment_prim_btn_1\")}\n        buttonHoverColor\u003d{getButtonHoverColor(\"segment_prim_btn_1\")}\n        buttonCornerRad\u003d{getButtonCornerRad(\"segment_prim_btn_1\")}\n        buttonColor\u003d{getButtonColor(\"segment_prim_btn_1\")}\n        buttonChangeListener\u003d{updateButton}\n        charlimit\u003d\"48\" /\u003e\n\u003c/WfxDiv\u003e","html_md":"\u003cdiv class\u003d\"popupTemplateCard\"\u003e\n \u003cdiv id\u003d\"segment_title_1\" class\u003d\"templateTitle\"\u003e\n  \u003cdiv class\u003d\"fr-box\" role\u003d\"application\"\u003e\n   \u003cdiv class\u003d\"fr-wrapper\" dir\u003d\"auto\"\u003e\n    \u003cdiv class\u003d\"fr-element fr-view\" dir\u003d\"auto\" contenteditable\u003d\"true\" aria-disabled\u003d\"false\" spellcheck\u003d\"true\"\u003e\n     \u003cp style\u003d\"\"\u003eTest-Popup-1\u003c/p\u003e\n     \u003cp style\u003d\"\"\u003e\u003cbr\u003e\u003c/p\u003e\n     \u003cp style\u003d\"\"\u003e\u003cbr\u003e\u003c/p\u003e\n     \u003cp style\u003d\"\"\u003e\u003cbr\u003e\u003c/p\u003e\n     \u003cp style\u003d\"\"\u003e\u003cbr\u003e\u003c/p\u003e\n     \u003cp style\u003d\"\"\u003e\u003cbr\u003e\u003c/p\u003e\n    \u003c/div\u003e\u003cspan class\u003d\"fr-placeholder\" style\u003d\"font-size: 18px; line-height: 25px; margin-top: 0px; padding-top: 0px; padding-left: 0px; margin-left: 0px; padding-right: 0px; margin-right: 0px; text-align: center;\"\u003eType something\u003c/span\u003e\n   \u003c/div\u003e\n  \u003c/div\u003e\n \u003c/div\u003e \n \u003cdiv class\u003d\"wfxImageContainer wfxMedia\"\u003e\n  \u003cdiv class\u003d\"\" style\u003d\"height: 100%; width: 100%;\"\u003e\n   \u003cdiv class\u003d\"wfxMedia-pointer\" style\u003d\"height: 100%; width: 100%; overflow: hidden; text-align: center; vertical-align: middle; max-height: 100%; position: relative;\"\u003e\n    \u003cimg id\u003d\"segment_image_1\" class\u003d\"wfxImage\" height\u003d\"auto\" width\u003d\"100%\" src\u003d\"https://whatfix.com/contenthosting/download/image/48d3b9f0-5cea-11eb-8b40-22a91d6e4464/e40d8b30-6ba9-11eb-8002-2a8342861064.png\" alt\u003d\"\" style\u003d\"color: rgb(126, 136, 144);\"\u003e\n    \u003cdiv class\u003d\"img_overlay\"\u003e\n     \u003cdiv class\u003d\"loader_display_none\"\u003e\u003c/div\u003e\n    \u003c/div\u003e\n   \u003c/div\u003e\n  \u003c/div\u003e\n \u003c/div\u003e \n \u003cdiv id\u003d\"segment_desc_1\" class\u003d\"templateDescription\"\u003e\n  \u003cdiv class\u003d\"fr-box\" role\u003d\"application\"\u003e\n   \u003cdiv class\u003d\"fr-wrapper\" dir\u003d\"auto\"\u003e\n    \u003cdiv class\u003d\"fr-element fr-view\" dir\u003d\"auto\" contenteditable\u003d\"true\" aria-disabled\u003d\"false\" spellcheck\u003d\"true\"\u003e\n     \u003cp style\u003d\"\"\u003eHere goes the support text to compliment the header title above and explain it.Here goes the support text to compliment the header title above and explain it.\u003c/p\u003e\n     \u003cp style\u003d\"\"\u003e\u003cbr\u003e\u003c/p\u003e\n    \u003c/div\u003e\u003cspan class\u003d\"fr-placeholder\" style\u003d\"font-size: 14px; line-height: 19px; margin-top: 0px; padding-top: 0px; padding-left: 0px; margin-left: 0px; padding-right: 0px; margin-right: 0px; text-align: center;\"\u003eType something\u003c/span\u003e\n   \u003c/div\u003e\n  \u003c/div\u003e\n \u003c/div\u003e \n \u003cdiv class\u003d\"popupTemplateFooter\"\u003e \n  \u003cdiv class\u003d\"popupTemplateButton wfx_primary_button\" style\u003d\"display: inline-block;\"\u003e\n   \u003cdiv class\u003d\"\" style\u003d\"height: 100%; width: 100%;\"\u003e\n    \u003cbutton id\u003d\"segment_prim_btn_1\" type\u003d\"text\" class\u003d\"sc-LzNRp payvl popupBtn cyan\"\u003e\n     \u003cdiv id\u003d\"segment_prim_btn_1\" class\u003d\"wfxButtonText\" role\u003d\"presentation\"\u003e\n      \u003cdiv class\u003d\"fr-box\" role\u003d\"application\"\u003e\n       \u003cdiv class\u003d\"fr-wrapper\" dir\u003d\"auto\"\u003e\n        \u003cdiv class\u003d\"fr-element fr-view\" dir\u003d\"auto\" contenteditable\u003d\"true\" aria-disabled\u003d\"false\" spellcheck\u003d\"true\"\u003e\n         \u003cp style\u003d\"\"\u003eAlright! Shankar\u003c/p\u003e\n        \u003c/div\u003e\u003cspan class\u003d\"fr-placeholder\" style\u003d\"font-size: 14px; line-height: normal; margin-top: 0px; padding-top: 0px; padding-left: 0px; margin-left: 0px; padding-right: 0px; margin-right: 0px; text-align: center;\"\u003eAdd Button Text\u003c/span\u003e\n       \u003c/div\u003e\n      \u003c/div\u003e\n     \u003c/div\u003e\u003c/button\u003e\n   \u003c/div\u003e\n  \u003c/div\u003e \n \u003c/div\u003e\n\u003c/div\u003e","version_num":1,"created_data_version":"","updated_data_version":"","type":"popup","created_by":"c9a762f0-3307-11eb-8638-bacbbe07b880","enabled":false,"ent_id":"48d3b9f0-5cea-11eb-8b40-22a91d6e4464","user_id":"c9a762f0-3307-11eb-8638-bacbbe07b880","component_properties":"{\"template\":{\"desktop_max_height\":\"520\",\"desktop_max_width\":\"800\",\"desktop_min_height\":\"360\",\"desktop_min_width\":\"320\",\"desktop_width\":\"436\",\"mobile_max_height\":\"440\",\"mobile_width\":\"320\"},\"segment_title_1\":{\"content_md\":\"\\u003cp style\\u003d\\\"\\\"\\u003eTest-Popup-1\\u003c/p\\u003e \\n\\u003cp style\\u003d\\\"\\\"\\u003e\\u003cbr\\u003e\\u003c/p\\u003e \\n\\u003cp style\\u003d\\\"\\\"\\u003e\\u003cbr\\u003e\\u003c/p\\u003e \\n\\u003cp style\\u003d\\\"\\\"\\u003e\\u003cbr\\u003e\\u003c/p\\u003e \\n\\u003cp style\\u003d\\\"\\\"\\u003e\\u003cbr\\u003e\\u003c/p\\u003e \\n\\u003cp style\\u003d\\\"\\\"\\u003e\\u003cbr\\u003e\\u003c/p\\u003e\",\"type\":\"WfxTitle\",\"timestamp\":\"1612966612161\"},\"segment_desc_1\":{\"content_md\":\"\\u003cp style\\u003d\\\"\\\"\\u003eHere goes the support text to compliment the header title above and explain it.Here goes the support text to compliment the header title above and explain it.\\u003c/p\\u003e \\n\\u003cp style\\u003d\\\"\\\"\\u003e\\u003cbr\\u003e\\u003c/p\\u003e\",\"type\":\"WfxDescription\",\"timestamp\":\"1612966612161\"},\"segment_prim_btn_1\":{\"btn_action\":\"skip\",\"btn_target\":\"\",\"btn_style\":\"popupBtn cyan\",\"btn_text_md\":\"Alright! Shankar\",\"btn_corner_radius\":3.0,\"btn_hover_color\":\"#00bcd4\",\"btn_color\":\"#02bed8\",\"type\":\"WfxButton\",\"timestamp\":\"1612955484011\"},\"segment_image_1\":{\"height\":\"auto\",\"width\":\"100%\",\"src\":\"https://whatfix.com/contenthosting/download/image/48d3b9f0-5cea-11eb-8b40-22a91d6e4464/e40d8b30-6ba9-11eb-8002-2a8342861064.png\",\"alt\":\"\",\"type\":\"WfxMedia\",\"isVideo\":false}}","name":"Test Popup 1","times_to_show":25,"css_mobile":".popupTemplateCard {\n    box-shadow: 0 4px 8px 0 rgba(0, 0, 0, 0.2);\n    transition: 0.3s;\n    background: #f8f8f8;\n    border-radius: 25px;\n    position: relative;\n    height: auto;\n    width: 275px;\n    max-height: 700px;\n}\n\n.popupTemplateFooter {\n    padding-top: 24px;\n    padding-bottom: 20px;\n    text-align: center;\n}\n\n.wfxImageContainer {\n    height: auto;\n    width: 100%;\n    margin-top: 40px;\n}\n\n.wfxMedia {\n    vertical-align: middle;\n    max-width: 100%;\n    max-height: 100%;\n}\n\n.popupCenterAlign {\n    display: table;\n    margin-left: auto;\n    margin-right: auto;\n}\n\n.templateTitle {\n    margin-left: 5%;\n    margin-right: 5%;\n    position: relative;\n    font-weight: 600;\n    font-size: 18px;\n    line-height: 25px;\n    text-align: center;\n    overflow: hidden;\n    color: #596377;\n    max-height: 50px;\n    min-height: 25px;\n    width: 90%;\n    top: 25px;\n}\n\n.templateTitle p {\n    margin: 0px !important;\n}\n\n.templateDescription {\n    margin-left: 5%;\n    margin-right: 5%;\n    position: relative;\n    font-weight: normal;\n    font-size: 14px;\n    text-align: center;\n    overflow-y: auto;\n    max-height: 125px;\n    overflow-x: hidden;\n    wrap: break-word;\n    color: #6c798e;\n    line-height: 19px;\n    min-height: 40px;\n    width: 90%;\n    margin-top: 20px;\n}\n\n.templateDescription p {\n    margin: 0px !important;\n}\n\n.popupBtn {\n    background: #f4f5f7;\n    border: none;\n    color: white;\n    text-align: center;\n    text-decoration: none;\n    display: inline-block;\n    font-size: 14px;\n    font-weight: 600;\n    width: 150px;\n    height: 40px;\n    border-radius: 3px;\n    vertical-align: top;\n    outline: none;\n    transition: 0.2s ease;\n    word-break: break-all;\n    overflow: hidden;\n}\n\n.popupBtn p {\n    margin: 0px !important;\n}\n\n.popupTemplateCard-popupCloseButton {\n    position: absolute;\n    z-index: 1;\n    right: 5px;\n    top: 10px;\n}\n\n.cyan {\n    background: #00bcd4;\n    color: white;\n}","modified_by":"c9a762f0-3307-11eb-8638-bacbbe07b880","theme":{"xOnPopup":"false","dontShowAgain":"false","carouselDots":"false","carouselArrows":"false"},"ent_name":"shankar_dooblo_test","conditions":[{"andOr":"And","op1":"https://www.dooblo.net/","operator":"~","originalAndOr":"And","type":"url"},{"andOr":"And","op1":"passwordPopup","op2":"true","operator":"\u003d","originalAndOr":"And","type":"variable"}],"segment_id":"ccd79940-6615-11eb-a7b2-2a8342861064","modification_time":1616102279953},{"creation_time":1612352970814,"css":".popupTemplateCard {\n          box-shadow: 0 4px 8px 0 rgba(0, 0, 0, 0.2);\n          transition: 0.3s;\n          width: 100%;\n          background: #ffffff;\n          border-radius: 5px;\n          position: relative;\n          height: auto;\n          max-height: 520px;\n          max-width: 800px;\n        }\n        \n        .popupTemplateFooter {\n          padding-top: 23px;\n          padding-bottom: 20px;\n          text-align: center;\n          bottom: 15px;\n          left: 0;\n          right: 0;\n        }\n        \n        .wfxImageContainer {\n          height: 90px;\n          width: 100%;\n          margin-top: 50px;\n        }\n        \n        .wfxMedia {\n          vertical-align: middle;\n          max-width: 100%;\n          max-height: 100%;\n        }\n        \n        .popupCenterAlign {\n          display: table;\n          margin-left: auto;\n          margin-right: auto;\n        }\n        \n        .templateTitle {\n          margin-left: 5%;\n          margin-right: 5%;\n          position: relative;\n          font-weight: 600;\n          font-size: 18px;\n          line-height: 25px;\n          text-align: center;\n          overflow: hidden;\n          color: #596377;\n          max-height: 50px;\n          min-height: 25px;\n          width: 90%;\n          top: 25px;\n        }\n        \n        .templateTitle p {\n          margin: 0px !important;\n        }\n        \n        .templateDescription {\n          margin-left: 5%;\n          margin-right: 5%;\n          position: relative;\n          font-weight: normal;\n          font-size: 14px;\n          line-height: 19px;\n          text-align: center;\n          overflow-y: auto;\n          overflow-x: hidden;\n          -wrap: break-word;\n          color: #6c798e;\n          max-height: 183px;\n          min-height: 40px;\n          width: 90%;\n          margin-top: 30px;\n        }     \n        \n\t\t.templateDescription p {\n           margin: 0px !important;\n        }\n        \n        .popupBtn {\n          background: #f4f5f7;\n          border: none;\n          color: white;\n          text-align: center;\n          text-decoration: none;\n          display: inline-block;\n          font-size: 14px;\n          font-weight: 600;\n          width: 150px;\n          height: 40px;\n          border-radius: 3px;\n          vertical-align: top;\n          outline: none;\n          transition: 0.2s ease;\n\t\t  word-break: break-all;\n\t\t  overflow:hidden;\n        }\n        \n        .popupBtn p{ \n    \t  margin:0px !important; \n\t\t}\n\n\t\t.popupTemplateCard-popupCloseButton {\n\t\t  position: absolute;\n\t\t  z-index: 1;\n\t\t  right: 10px;\n\t\t  top: 15px;\n\t\t}\n               \n        .cyan {\n          background: #00bcd4;\n          color: white;\n        }","code":"\u003cWfxTitle\n  id\u003d\"segment_title_1\"\n  className\u003d\"templateTitle\"\n  titleContent\u003d{getRTEContent(\"segment_title_1\")}\n  saveListener\u003d{contentChangeListener}\n/\u003e\n\u003cWfxMedia id \u003d \"segment_image_1\" className\u003d\"wfxMedia\"\n  height\u003d{getImageHeight(\"segment_image_1\")}\n  width\u003d{getImageWidth(\"segment_image_1\")}\n  sourceURL\u003d{getImageSource(\"segment_image_1\")}\n  alternateText\u003d{getImageAltText(\"segment_image_1\")}\n  video\u003d{getisVideo(\"segment_image_1\")}\n  imageChangeListener\u003d{updateImage}\n/\u003e\n\u003cWfxDescription\n  id\u003d\"segment_desc_1\"\n  className\u003d\"templateDescription\"\n  descContent\u003d{getRTEContent(\"segment_desc_1\")}\n  saveListener\u003d{contentChangeListener}\n/\u003e\n\u003cWfxDiv className\u003d\"popupTemplateFooter\"\u003e\n  \u003cWfxButton\n    id\u003d\"segment_prim_btn_1\"\n    className\u003d\"wfx_primary_button\"\n    selectedButtonEvent\u003d{getButtonEventType(\"segment_prim_btn_1\")}\n    selectedButtonValue\u003d{getButtonEventValue(\"segment_prim_btn_1\")}\n    buttonStyle\u003d{getButtonStyle(\"segment_prim_btn_1\")}\n    buttonText\u003d{getButtonText(\"segment_prim_btn_1\")}\n    buttonHoverColor\u003d{getButtonHoverColor(\"segment_prim_btn_1\")}\n    buttonCornerRad\u003d{getButtonCornerRad(\"segment_prim_btn_1\")}              \n    buttonColor\u003d{getButtonColor(\"segment_prim_btn_1\")}\n    buttonChangeListener\u003d{updateButton}\n  /\u003e\n\u003c/WfxDiv\u003e","html_md":"\u003cdiv class\u003d\"popupTemplateCard\"\u003e\n \u003cdiv class\u003d\"popupTemplateCard-popupCloseButton\" id\u003d\"popupClosePanel\"\u003e\n  \u003csvg width\u003d\"16\" height\u003d\"16\" viewbox\u003d\"0 0 16 16\" fill\u003d\"none\" id\u003d\"popupCloseBtn\"\u003e\n   \u003cg filter\u003d\"url(#prefix__filter0_d)\"\u003e\n    \u003cpath d\u003d\"M8.013 6.784l3.643-3.643 1.22 1.22-3.643 3.643L13 11.771 11.771 13 8.004 9.233 4.38 12.858l-1.22-1.22 3.625-3.625L3 4.23 4.229 3l3.784 3.784z\" fill\u003d\"#6C798E\"\u003e\u003c/path\u003e\n    \u003cpath d\u003d\"M8.013 6.077l-3.43-3.43a.5.5 0 00-.708 0L2.646 3.874a.5.5 0 000 .708l3.431 3.43-3.271 3.272a.5.5 0 000 .707l1.22 1.22a.5.5 0 00.707 0l3.271-3.271 3.413 3.413a.5.5 0 00.708 0l1.229-1.23a.5.5 0 000-.707L9.94 8.004l3.289-3.289a.5.5 0 000-.707l-1.22-1.22a.5.5 0 00-.707 0l-3.29 3.29z\" stroke\u003d\"#fff\" stroke-opacity\u003d\"0.3\" stroke-linejoin\u003d\"round\"\u003e\u003c/path\u003e\n   \u003c/g\u003e\u003cdefs\u003e\n    \u003cfilter id\u003d\"prefix__filter0_d\" x\u003d\"0\" y\u003d\"0\" width\u003d\"16\" height\u003d\"16\" filterunits\u003d\"userSpaceOnUse\" color-interpolation-filters\u003d\"sRGB\"\u003e\n     \u003cfeflood flood-opacity\u003d\"0\" result\u003d\"BackgroundImageFix\"\u003e\u003c/feflood\u003e\n     \u003cfecolormatrix in\u003d\"SourceAlpha\" values\u003d\"0 0 0 0 0 0 0 0 0 0 0 0 0 0 0 0 0 0 127 0\"\u003e\u003c/fecolormatrix\u003e\n     \u003cfeoffset\u003e\u003c/feoffset\u003e\n     \u003cfegaussianblur stddeviation\u003d\"1\"\u003e\u003c/fegaussianblur\u003e\n     \u003cfecolormatrix values\u003d\"0 0 0 0 1 0 0 0 0 1 0 0 0 0 1 0 0 0 1 0\"\u003e\u003c/fecolormatrix\u003e\n     \u003cfeblend in2\u003d\"BackgroundImageFix\" result\u003d\"effect1_dropShadow\"\u003e\u003c/feblend\u003e\n     \u003cfeblend in\u003d\"SourceGraphic\" in2\u003d\"effect1_dropShadow\" result\u003d\"shape\"\u003e\u003c/feblend\u003e\n    \u003c/filter\u003e\n   \u003c/defs\u003e\n  \u003c/svg\u003e\n \u003c/div\u003e\n \u003cdiv id\u003d\"segment_title_1\" class\u003d\"templateTitle\"\u003e\n  \u003cdiv class\u003d\"fr-box\" role\u003d\"application\"\u003e\n   \u003cdiv class\u003d\"fr-wrapper\" dir\u003d\"auto\"\u003e\n    \u003cdiv class\u003d\"fr-element fr-view\" dir\u003d\"auto\" contenteditable\u003d\"true\" aria-disabled\u003d\"false\" spellcheck\u003d\"true\"\u003e\n     \u003cp style\u003d\"\"\u003eTest Pop up 2\u003c/p\u003e\n    \u003c/div\u003e\u003cspan class\u003d\"fr-placeholder\" style\u003d\"font-size: 18px; line-height: 25px; margin-top: 0px; padding-top: 0px; padding-left: 0px; margin-left: 0px; padding-right: 0px; margin-right: 0px; text-align: center;\"\u003eType something\u003c/span\u003e\n   \u003c/div\u003e\n  \u003c/div\u003e\n \u003c/div\u003e \n \u003cdiv class\u003d\"wfxImageContainer wfxMedia\"\u003e\n  \u003cdiv class\u003d\"\" style\u003d\"height: 100%; width: 100%;\"\u003e\n   \u003cdiv class\u003d\"wfxMedia-pointer\" style\u003d\"height: 100%; width: 100%; overflow: hidden; text-align: center; vertical-align: middle; max-height: 100%; position: relative;\"\u003e\n    \u003cimg id\u003d\"segment_image_1\" class\u003d\"wfxImage\" height\u003d\"auto\" width\u003d\"100%\" src\u003d\"https://whatfix.com/images/WhatfixLogo.png\" alt\u003d\"\" style\u003d\"color: rgb(126, 136, 144);\"\u003e\n    \u003cdiv class\u003d\"img_overlay\"\u003e\n     \u003cdiv class\u003d\"loader_display_none\"\u003e\u003c/div\u003e\n    \u003c/div\u003e\n   \u003c/div\u003e\n  \u003c/div\u003e\n \u003c/div\u003e \n \u003cdiv id\u003d\"segment_desc_1\" class\u003d\"templateDescription\"\u003e\n  \u003cdiv class\u003d\"fr-box\" role\u003d\"application\"\u003e\n   \u003cdiv class\u003d\"fr-wrapper\" dir\u003d\"auto\"\u003e\n    \u003cdiv class\u003d\"fr-element fr-view\" dir\u003d\"auto\" contenteditable\u003d\"true\" aria-disabled\u003d\"false\" spellcheck\u003d\"true\"\u003e\n     \u003cp style\u003d\"\"\u003eHere goes the support text to compliment the header title above and explain it.Here goes the support text to compliment the header title above and explain it.\u003c/p\u003e\n    \u003c/div\u003e\u003cspan class\u003d\"fr-placeholder\" style\u003d\"font-size: 14px; line-height: 19px; margin-top: 0px; padding-top: 0px; padding-left: 0px; margin-left: 0px; padding-right: 0px; margin-right: 0px; text-align: center;\"\u003eType something\u003c/span\u003e\n   \u003c/div\u003e\n  \u003c/div\u003e\n \u003c/div\u003e \n \u003cdiv class\u003d\"popupTemplateFooter\"\u003e \n  \u003cdiv class\u003d\"popupTemplateButton wfx_primary_button\" style\u003d\"display: inline-block;\"\u003e\n   \u003cdiv class\u003d\"\" style\u003d\"height: 100%; width: 100%;\"\u003e\n    \u003cbutton id\u003d\"segment_prim_btn_1\" type\u003d\"text\" class\u003d\"sc-LzMXb iNHiNA popupBtn cyan\"\u003e\n     \u003cdiv id\u003d\"segment_prim_btn_1\" class\u003d\"wfxButtonText\" role\u003d\"presentation\"\u003e\n      \u003cdiv class\u003d\"fr-box\" role\u003d\"application\"\u003e\n       \u003cdiv class\u003d\"fr-wrapper\" dir\u003d\"auto\"\u003e\n        \u003cdiv class\u003d\"fr-element fr-view\" dir\u003d\"auto\" contenteditable\u003d\"true\" aria-disabled\u003d\"false\" spellcheck\u003d\"true\"\u003e\n         \u003cp style\u003d\"\"\u003eAlright!\u003c/p\u003e\n        \u003c/div\u003e\u003cspan class\u003d\"fr-placeholder\" style\u003d\"font-size: 14px; line-height: normal; margin-top: 0px; padding-top: 0px; padding-left: 0px; margin-left: 0px; padding-right: 0px; margin-right: 0px; text-align: center;\"\u003eAdd Button Text\u003c/span\u003e\n       \u003c/div\u003e\n      \u003c/div\u003e\n     \u003c/div\u003e\u003c/button\u003e\n   \u003c/div\u003e\n  \u003c/div\u003e \n \u003c/div\u003e\n\u003c/div\u003e","version_num":1,"created_data_version":"","updated_data_version":"","type":"popup","created_by":"c9a762f0-3307-11eb-8638-bacbbe07b880","enabled":false,"ent_id":"48d3b9f0-5cea-11eb-8b40-22a91d6e4464","user_id":"c9a762f0-3307-11eb-8638-bacbbe07b880","component_properties":"{\"template\":{\"desktop_max_height\":\"520\",\"desktop_max_width\":\"800\",\"desktop_min_height\":\"360\",\"desktop_min_width\":\"320\",\"desktop_width\":\"436\",\"mobile_max_height\":\"440\",\"mobile_width\":\"320\"},\"segment_title_1\":{\"content_md\":\"Test Pop up 2\",\"type\":\"WfxTitle\",\"timestamp\":\"1612352970810\"},\"segment_desc_1\":{\"content_md\":\"Here goes the support text to compliment the header title above and explain it.Here goes the support text to compliment the header title above and explain it.\",\"type\":\"WfxDescription\",\"timestamp\":\"1612352970810\"},\"segment_prim_btn_1\":{\"btn_action\":\"close\",\"btn_target\":\"\",\"btn_style\":\"popupBtn cyan\",\"btn_text_md\":\"Alright!\",\"btn_corner_radius\":3.0,\"btn_hover_color\":\"#00bcd4\",\"btn_color\":\"#02bed8\",\"type\":\"WfxButton\",\"timestamp\":\"1612352970810\"},\"segment_image_1\":{\"height\":\"auto\",\"width\":\"100%\",\"src\":\"https://whatfix.com/images/WhatfixLogo.png\",\"alt\":\"\",\"type\":\"WfxMedia\"}}","name":"Test Pop up 2","times_to_show":25,"css_mobile":".popupTemplateCard {\n    box-shadow: 0 4px 8px 0 rgba(0, 0, 0, 0.2);\n    transition: 0.3s;\n    background: #ffffff;\n    border-radius: 5px;\n    position: relative;\n    height: auto;\n    width: 320px;\n    max-height: 440px;\n}\n        \n.popupTemplateFooter {\n    padding-top: 24px;\n    padding-bottom: 20px;\n    text-align: center;\n}\n\n.wfxImageContainer {\n   \theight: 90px;\n    width: 100%;\n    margin-top: 40px;\n}\n        \n.wfxMedia {\n \tvertical-align: middle;\n    max-width: 100%;\n    max-height: 100%;\n}\n        \n.popupCenterAlign {\n    display: table;\n    margin-left: auto;\n    margin-right: auto;\n}\n\n.templateTitle {\n    margin-left: 5%;\n    margin-right: 5%;\n    position: relative;\n    font-weight: 600;\n    font-size: 18px;\n    line-height: 25px;\n    text-align: center;\n    overflow: hidden;\n    color: #596377;\n    max-height: 50px;\n    min-height: 25px;\n    width: 90%;\n    top: 25px;\n}\n\n.templateTitle p {\n   \tmargin: 0px !important;\n}\n\n.templateDescription {\n    margin-left: 5%;\n    margin-right: 5%;\n    position: relative;\n    font-weight: normal;\n    font-size: 14px;\n    text-align: center;\n    overflow-y: auto;\n    max-height: 125px;\n    overflow-x: hidden;\n    wrap: break-word;\n    color: #6c798e;\n    line-height: 19px;\n    min-height: 40px;\n    width: 90%;\n    margin-top: 20px;\n}\n\n.templateDescription p {\n   \tmargin: 0px !important;\n}\n        \n.popupBtn {\n    background: #f4f5f7;\n    border: none;\n    color: white;\n    text-align: center;\n    text-decoration: none;\n    display: inline-block;\n    font-size: 14px;\n    font-weight: 600;\n    width: 150px;\n    height: 40px;\n    border-radius: 3px;\n    vertical-align: top;\n    outline: none;\n    transition: 0.2s ease;\n\tword-break: break-all;\n\toverflow:hidden;\n}\n\n.popupBtn p{ \n    margin:0px !important; \n}\n\n.popupTemplateCard-popupCloseButton {\n\tposition: absolute;\n\tz-index: 1;\n    right: 5px;\n    top: 10px;\n}\n\n.cyan {\nbackground: #00bcd4;\ncolor: white;\n}\n","modified_by":"c9a762f0-3307-11eb-8638-bacbbe07b880","theme":{"xOnPopup":"true","dontShowAgain":"false","carouselDots":"false","carouselArrows":"false"},"ent_name":"shankar_dooblo_test","conditions":[{"andOr":"And","op1":"https://www.dooblo.net/","operator":"~","originalAndOr":"And","type":"url"},{"andOr":"And","op1":"welcomePopup","op2":"true","operator":"\u003d","originalAndOr":"And","type":"variable"}],"segment_id":"e04819a0-6615-11eb-a7b2-2a8342861064","modification_time":1612955274125}],"branding_config":{"branding_link":"","branding_text":"","gexit_enabled":"true","branding_enabled":"true","sh_enabled":"true","tl_enabled":"true","endpop_enabled":"true"},"autocomplete":false,"st_segments":[{"creation_time":1620138767979,"version_num":3,"type":"st","created_by":"c9a762f0-3307-11eb-8638-bacbbe07b880","enabled":false,"ent_id":"48d3b9f0-5cea-11eb-8b40-22a91d6e4464","user_id":"c9a762f0-3307-11eb-8638-bacbbe07b880","flow_id":"98e90b70-ace5-11eb-b83f-3e2a4292da47","name":"Test Dooblo","modified_by":"c9a762f0-3307-11eb-8638-bacbbe07b880","conditions":[{"op1":"/contact/","operator":"\u003d","type":"path"}],"segment_id":"99054600-ace5-11eb-b83f-3e2a4292da47","modification_time":1621286249804},{"creation_time":1621285988203,"version_num":2,"type":"st","created_by":"c9a762f0-3307-11eb-8638-bacbbe07b880","enabled":true,"ent_id":"48d3b9f0-5cea-11eb-8b40-22a91d6e4464","user_id":"c9a762f0-3307-11eb-8638-bacbbe07b880","flow_id":"ad6cb2d0-b754-11eb-83df-32b5f385aed9","name":"Validate of Company Name Present","modified_by":"c9a762f0-3307-11eb-8638-bacbbe07b880","conditions":[{"op1":"/contact/","operator":"\u003d","type":"path"}],"segment_id":"ad8fcb30-b754-11eb-83df-32b5f385aed9","modification_time":1621286206142},{"creation_time":1621274296995,"version_num":1,"type":"st","created_by":"c9a762f0-3307-11eb-8638-bacbbe07b880","enabled":false,"ent_id":"48d3b9f0-5cea-11eb-8b40-22a91d6e4464","user_id":"c9a762f0-3307-11eb-8638-bacbbe07b880","flow_id":"74d77bf0-b739-11eb-83df-32b5f385aed9","name":"Validate if Last Name Present","modified_by":"c9a762f0-3307-11eb-8638-bacbbe07b880","conditions":[{"op1":"/try-it-now/","operator":"\u003d","type":"path"}],"segment_id":"750f2dc0-b739-11eb-83df-32b5f385aed9","modification_time":1621274296995},{"creation_time":1617113967864,"version_num":5,"type":"st","created_by":"c9a762f0-3307-11eb-8638-bacbbe07b880","enabled":false,"ent_id":"48d3b9f0-5cea-11eb-8b40-22a91d6e4464","user_id":"c9a762f0-3307-11eb-8638-bacbbe07b880","flow_id":"ef987260-9162-11eb-a14e-2a8342861064","name":"Email Validation","modified_by":"c9a762f0-3307-11eb-8638-bacbbe07b880","conditions":[{"andOr":"And","op1":"/contact/","operator":"\u003d","originalAndOr":"And","type":"path"}],"segment_id":"efa9b070-9162-11eb-a14e-2a8342861064","modification_time":1620138786788}],"groups":{},"sp_segments":[],"ent_id":"48d3b9f0-5cea-11eb-8b40-22a91d6e4464","pdf":true,"tl_segments":[],"track_usage":true,"ip_segments":[],"open":false,"properties":{"gracefulExitPopYes":"Yes","installContentHeader":"Whatfix extension for","gracefulExitPopNo":"No","autoFurtherInputRequired":"Input Required In Further Steps","taskListMultiplePending":"Tasks pending","endFeedbackQuestionLabel":"Was this flow helpful?","customExtInstallCTALabel":"Install Extension","installContent":"By installing Whatfix\u0027s browser extension, you can create interactive walkthroughs (flows) on any website. Additionally, you can get live instructions by clicking the \"See live\" option.","endFeedbackUserNoteYes":"That’s great! What did you like?","widgetCloseTitle":"Close","autoStepOfN":"Executing Step {0} of {1}","editorEnter":"Enter ","endSubjectiveFeedbackLabel":"Let us know why","stopButtonLabel":"Stop","exitPopDefaultMessage":"Do you want to end the flow?","predefinedOptionYes2":"Clear instructions","predefinedOptionYes3":"Learned something new","endFeedbackNo":"No","gracefulExitTipDescription":"Here\u0027s an image of what you should be seeing next.","predefinedOptionYes1":"Easy to use","nothingFound":"Sorry, no results found","predefinedOptionYes4":"Saved me time","guide":"Guide Me","tipCloseTitle":"Close","manualButtonHoverTip":"This will switch the flow to manual \u0026 can\u0027t be undone","autoDefaultTitle":"Flow In Progress","extensionRequiredNotice":"You need to install the Whatfix browser extension to use this feature","helpWidgetTipButtonText":"Got It","seeLive":"See Live","predefinedOptionNo4":"I already knew this","widgetSearchClearTitle":"Clear","predefinedOptionNo2":"Not what I was looking for","unsupportedBrowserNotice":"To use this feature, please use either Google Chrome or Mozilla Firefox browser","installButtonUnsupportedBrowserLabel":"Chrome Extension","gracefulExitTipTitle":"Oops! The next step seems to be missing.","predefinedOptionNo3":"Incorrect steps","predefinedOptionNo1":"Not easy to use","loading":"loading...","pdfFooterText":"Company Name","autoNoInputRequired":"No Input Required","widgetTitle":"Self Help","endFeedbackYes":"Yes","endSubjectiveFeedbackPlaceholder":"Provide your feedback here","editorClickHere":"Click here","endSendFeedback":"Submit","helpWidgetTipDescription":"Hey! This is your new in-app help \u0026 will be available across your application.","taskerCloseTitle":"Close","installExtension":"Install","installButtonLabel":"Install","searchMore":"Enter your search criteria here","startDontShowAgain":"Don\u0027t show me again","widgetSearchTitle":"Search","customExtInstallSuccessMsg":"Extension Installed!","editorEnterValue":"Enter ","next":"Next","ignoreExtension":"Not Now","stopButtonHoverTip":"This will stop the flow \u0026 can\u0027t be undone","editorClickOn":"Click ","endFeedbackUserNoteNo":"That should not have happened! What went wrong?","endFeedbackPlaceholderNewYes":"Tell us more","widgetLauncherLabel":"Self Help","back":"Back","stepOfN":"{0} (Step {1} of {2})","skip":"Skip","installPageTitle":"Install Whatfix extension","installUnsupportedBrowserContent":"Whatfix Extension is available for Chrome and Firefox browsers only.","endDefaultMessage":"You have completed this task.","seeLiveTitle":"See live help on your application","autoDefaultInputRequired":"Next Input Required On Step {0}","editorSelect":"Select ","customExtInstallPageDescription":"Whatfix provides in-app interactive guides and walkthroughs to ease user onboarding, reduce training, and improve support","autoStep":"Executing Steps","ok":"Ok","close":"Close","ivoryStepOfN":"Step {0}/{1}","endFeedbackPlaceholderNewNo":"Write your suggestion here","maxCharacterLimit":"Max {0} characters","pdfHeaderText":"Company Name","taskListSinglePending":"Task pending ","taskListLabel":"Task List ","manualButtonLabel":"Manual","customExtInstallTitle":"Whatfix Extension","endSendFeedbackNew":"Send Feedback","modernStepOfN":"{0}/{1}"}},"step_1_width":505,"step_1_image2_placement":"t","user_id_name":"-","votes":0,"author":"c9a762f0-3307-11eb-8638-bacbbe07b880","ent_id":"48d3b9f0-5cea-11eb-8b40-22a91d6e4464","type":"tip","runs":0,"user_id":"c9a762f0-3307-11eb-8638-bacbbe07b880","src_flow_id":"-","views":0,"step_1_spotlight":0,"step_1_description_md":"","timestamp_step_1_description_md":1620138767761,"step_1_top":268,"step_1_image1_crop_left":153,"source":"40","step_1_url":"aHR0cHM6Ly93d3cuZG9vYmxvLm5ldC9jb250YWN0Lw\u003d\u003d","title":"Test Dooblo","step_1_image1_placement":"t","step_1_page_tags":[],"failures":0,"step_1_image1_top":268,"user_id_user_name_md5":"f0955136318b76b0c25fdce1c90060214e9ed3f886faf2ce36dd3ae7090830d1","step_1_image1_left":47,"step_1_marks":[{"attribute":"tag","value":"input"},{"attribute":"path","value":"body-3/div-3/div-1/div-5/section-1/div-1/div-1/section-5/div-3/form-3/div-1/div-1/div-1/span-0/"},{"attribute":"type","value":"text"},{"attribute":"depth","value":"16"},{"attribute":"placeholder","value":"First name"},{"attribute":"name","value":"f-name"},{"attribute":"class","value":"wpcf7-form-control wpcf7-text wpcf7-validates-as-required form-control"},{"attribute":"aria-required","value":"true"},{"attribute":"aria-invalid","value":"false"},{"attribute":"parent-tag","value":"span"},{"attribute":"parent-class","value":"wpcf7-form-control-wrap f-name"},{"attribute":"parent-fontWeight","value":"100"},{"attribute":"parent-textDecoration","value":"none solid rgb(51, 51, 51)"},{"attribute":"fontWeight","value":"300"},{"attribute":"textDecoration","value":"none solid rgb(153, 153, 153)"},{"attribute":"width","value":"505"},{"attribute":"height","value":"53"},{"attribute":"element_attributes","value":"[{\"name\":\"type\", \"value\":\"text\", \"count\":3},{\"name\":\"name\", \"value\":\"f-name\", \"count\":1},{\"name\":\"value\", \"value\":\"\", \"count\":4},{\"name\":\"size\", \"value\":\"40\", \"count\":4},{\"name\":\"aria-required\", \"value\":\"true\", \"count\":3},{\"name\":\"aria-invalid\", \"value\":\"false\", \"count\":5},{\"name\":\"placeholder\", \"value\":\"First name\", \"count\":1}]"},{"attribute":"visual_marks","value":"{\"screen_resoution_height\":900, \"screen_resoution_width\":1440, \"website_height\":1208, \"website_width\":1440, \"style_marks\":[{\"height\":51, \"width\":503, \"position_x\":200, \"position_y\":655, \"computed_style\":{\"appearance\":\"auto\", \"blockSize\":\"53px\", \"border\":\"1px solid rgb(0, 185, 232)\", \"borderBlock\":\"1px solid rgb(0, 185, 232)\", \"borderBlockColor\":\"rgb(0, 185, 232)\", \"borderBlockEnd\":\"1px solid rgb(0, 185, 232)\", \"borderBlockEndColor\":\"rgb(0, 185, 232)\", \"borderBlockEndStyle\":\"solid\", \"borderBlockEndWidth\":\"1px\", \"borderBlockStart\":\"1px solid rgb(0, 185, 232)\", \"borderBlockStartColor\":\"rgb(0, 185, 232)\", \"borderBlockStartStyle\":\"solid\", \"borderBlockStartWidth\":\"1px\", \"borderBlockStyle\":\"solid\", \"borderBlockWidth\":\"1px\", \"borderBottom\":\"1px solid rgb(0, 185, 232)\", \"borderBottomColor\":\"rgb(0, 185, 232)\", \"borderBottomStyle\":\"solid\", \"borderBottomWidth\":\"1px\", \"borderColor\":\"rgb(0, 185, 232)\", \"borderInline\":\"1px solid rgb(0, 185, 232)\", \"borderInlineColor\":\"rgb(0, 185, 232)\", \"borderInlineEnd\":\"1px solid rgb(0, 185, 232)\", \"borderInlineEndColor\":\"rgb(0, 185, 232)\", \"borderInlineEndStyle\":\"solid\", \"borderInlineEndWidth\":\"1px\", \"borderInlineStart\":\"1px solid rgb(0, 185, 232)\", \"borderInlineStartColor\":\"rgb(0, 185, 232)\", \"borderInlineStartStyle\":\"solid\", \"borderInlineStartWidth\":\"1px\", \"borderInlineStyle\":\"solid\", \"borderInlineWidth\":\"1px\", \"borderLeft\":\"1px solid rgb(0, 185, 232)\", \"borderLeftColor\":\"rgb(0, 185, 232)\", \"borderLeftStyle\":\"solid\", \"borderLeftWidth\":\"1px\", \"borderRight\":\"1px solid rgb(0, 185, 232)\", \"borderRightColor\":\"rgb(0, 185, 232)\", \"borderRightStyle\":\"solid\", \"borderRightWidth\":\"1px\", \"borderStyle\":\"solid\", \"borderTop\":\"1px solid rgb(0, 185, 232)\", \"borderTopColor\":\"rgb(0, 185, 232)\", \"borderTopStyle\":\"solid\", \"borderTopWidth\":\"1px\", \"borderWidth\":\"1px\", \"boxShadow\":\"rgba(0, 0, 0, 0.075) 0px 1px 1px 0px inset\", \"caretColor\":\"rgb(153, 153, 153)\", \"color\":\"rgb(153, 153, 153)\", \"columnRule\":\"0px none rgb(153, 153, 153)\", \"columnRuleColor\":\"rgb(153, 153, 153)\", \"cursor\":\"text\", \"font\":\"300 24px / 34.2857px \\\"Source Sans Pro\\\"\", \"fontSize\":\"24px\", \"fontWeight\":\"300\", \"height\":\"53px\", \"inlineSize\":\"505px\", \"lineHeight\":\"34.2857px\", \"minBlockSize\":\"53px\", \"minHeight\":\"53px\", \"outline\":\"rgb(153, 153, 153) none 0px\", \"outlineColor\":\"rgb(153, 153, 153)\", \"overflow\":\"hidden\", \"overflowX\":\"hidden\", \"overflowY\":\"hidden\", \"padding\":\"10px 20px\", \"paddingBlock\":\"10px\", \"paddingBlockEnd\":\"10px\", \"paddingBlockStart\":\"10px\", \"paddingBottom\":\"10px\", \"paddingInline\":\"20px\", \"paddingInlineEnd\":\"20px\", \"paddingInlineStart\":\"20px\", \"paddingLeft\":\"20px\", \"paddingRight\":\"20px\", \"paddingTop\":\"10px\", \"perspectiveOrigin\":\"252.5px 26.5px\", \"scrollBehavior\":\"auto\", \"textDecoration\":\"none solid rgb(153, 153, 153)\", \"textDecorationColor\":\"rgb(153, 153, 153)\", \"transformOrigin\":\"252.5px 26.5px\", \"transition\":\"border-color 0.15s ease-in-out 0s, box-shadow 0.15s ease-in-out 0s\", \"transitionDelay\":\"0s, 0s\", \"transitionDuration\":\"0.15s, 0.15s\", \"transitionProperty\":\"border-color, box-shadow\", \"transitionTimingFunction\":\"ease-in-out, ease-in-out\", \"webkitAppearance\":\"auto\", \"webkitBorderAfter\":\"1px solid rgb(0, 185, 232)\", \"webkitBorderAfterColor\":\"rgb(0, 185, 232)\", \"webkitBorderAfterStyle\":\"solid\", \"webkitBorderAfterWidth\":\"1px\", \"webkitBorderBefore\":\"1px solid rgb(0, 185, 232)\", \"webkitBorderBeforeColor\":\"rgb(0, 185, 232)\", \"webkitBorderBeforeStyle\":\"solid\", \"webkitBorderBeforeWidth\":\"1px\", \"webkitBorderEnd\":\"1px solid rgb(0, 185, 232)\", \"webkitBorderEndColor\":\"rgb(0, 185, 232)\", \"webkitBorderEndStyle\":\"solid\", \"webkitBorderEndWidth\":\"1px\", \"webkitBorderStart\":\"1px solid rgb(0, 185, 232)\", \"webkitBorderStartColor\":\"rgb(0, 185, 232)\", \"webkitBorderStartStyle\":\"solid\", \"webkitBorderStartWidth\":\"1px\", \"webkitBoxShadow\":\"rgba(0, 0, 0, 0.075) 0px 1px 1px 0px inset\", \"webkitColumnRule\":\"0px none rgb(153, 153, 153)\", \"webkitColumnRuleColor\":\"rgb(153, 153, 153)\", \"webkitLogicalHeight\":\"53px\", \"webkitLogicalWidth\":\"505px\", \"webkitMinLogicalHeight\":\"53px\", \"webkitPaddingAfter\":\"10px\", \"webkitPaddingBefore\":\"10px\", \"webkitPaddingEnd\":\"20px\", \"webkitPaddingStart\":\"20px\", \"webkitPerspectiveOrigin\":\"252.5px 26.5px\", \"webkitTextEmphasisColor\":\"rgb(153, 153, 153)\", \"webkitTextFillColor\":\"rgb(153, 153, 153)\", \"webkitTextStrokeColor\":\"rgb(153, 153, 153)\", \"webkitTransformOrigin\":\"252.5px 26.5px\", \"webkitTransition\":\"border-color 0.15s ease-in-out 0s, box-shadow 0.15s ease-in-out 0s\", \"webkitTransitionDelay\":\"0s, 0s\", \"webkitTransitionDuration\":\"0.15s, 0.15s\", \"webkitTransitionProperty\":\"border-color, box-shadow\", \"webkitTransitionTimingFunction\":\"ease-in-out, ease-in-out\", \"width\":\"505px\"}}]}"}],"step_1_finder_ver":8,"user_id_reputation":170,"step_1_input":"","tags":[],"timestamp_step_1_note_md":1620138767761,"step_1_auto_execute_action":-1,"step_1_image_width":1440,"title_lowercase":"test dooblo","timestamp_title":1620138767761,"step_1_placement":"t","step_1_conditions":[],"step_1_creation_time":1620138767775,"step_1_tag":"input","timestamp_step_1_validation_errors_md":1620138767761,"step_1_image1_crop_top":0,"name_encrypted":"Shankar Sarkar","step_1_validation_errors_md":"Dont enter anything here","step_1_image2_crop_left":252,"ups":0,"url":"aHR0cHM6Ly93d3cuZG9vYmxvLm5ldC9jb250YWN0Lw\u003d\u003d","step_1_image2_crop_top":0,"step_1_left":200,"picture_modified_time":1606739410555,"step_1_optional":false,"step_1_height":53,"step_1_zoom":1.0,"author_reputation":170,"step_1_image2_top":268,"step_1_action":6,"step_1_update_time":1620138767775,"steps":1,"step_1_key":1620138767775,"version_num":1,"authored_at":1620138767761,"mail_address_encrypted":"-","flow_id":"98e90b70-ace5-11eb-b83f-3e2a4292da47","step_1_parent_marks":[],"published_at":1620138767761,"host":"-","downs":0,"step_1_note_md":"","author_name":"-","run_direct":true,"author_user_name_md5":"f0955136318b76b0c25fdce1c90060214e9ed3f886faf2ce36dd3ae7090830d1","goal":"","step_1_image_creation_time":1620138751804}