{"src_flow_id":"-","design_stage":-1,"author":"c9a762f0-3307-11eb-8638-bacbbe07b880","authored_at":1675101634042,"source":"40","search_keywords":"","title":"Veeva CRM Product Brief","type":"text","tags":["ef6be1f8-e994-4777-aaa3-4c0324a59925"],"title_lowercase":"veeva crm product brief","description_md":"\u003cdiv style\u003d\"box-sizing: border-box; color: rgb(68, 68, 68); font-family: Roboto, sans-serif; font-size: 18px; font-style: normal; font-variant-ligatures: normal; font-variant-caps: normal; font-weight: 300; letter-spacing: normal; orphans: 2; text-align: start; text-indent: 0px; text-transform: none; white-space: normal; widows: 2; word-spacing: 0px; -webkit-text-stroke-width: 0px; background-color: rgb(255, 255, 255); text-decoration-thickness: initial; text-decoration-style: initial; text-decoration-color: initial;\"\u003e \n \u003cp style\u003d\"box-sizing: border-box; margin: 20px 0px; font-size: 18px; line-height: 25px; color: rgb(68, 68, 68); font-weight: 300;\"\u003eThe Veeva CRM suite of products is the proven and most advanced CRM solution for the life sciences industry.\u003c/p\u003e \n\u003c/div\u003e","ent_id":"be8e0250-b457-46ee-9448-c358b97e21d6","user_id":"c9a762f0-3307-11eb-8638-bacbbe07b880","flow_id":"e03e195d-6218-4b71-97f7-b2cbad0e3f56","stages":100001,"published_at":1675165303718,"runs":0,"views":0,"version_num":1,"author_name":"-","user_id_name":"-","host":"-","mail_address_encrypted":"-"}