{"src_flow_id":"-","design_stage":-1,"author":"c9a762f0-3307-11eb-8638-bacbbe07b880","authored_at":1675101668082,"source":"40","search_keywords":"","title":"Veeva CRM PDF","type":"pdf","url":"aHR0cHM6Ly93d3cudmVldmEuY29tL3dwLWNvbnRlbnQvdXBsb2Fkcy8yMDE0LzA1L011bHRpY2hhbm5lbC1DUk0tRGF0YXNoZWV0LnBkZg\u003d\u003d","tags":["ef6be1f8-e994-4777-aaa3-4c0324a59925"],"title_lowercase":"veeva crm pdf","ent_id":"be8e0250-b457-46ee-9448-c358b97e21d6","user_id":"c9a762f0-3307-11eb-8638-bacbbe07b880","flow_id":"6cef2242-6f38-4f66-b9e9-814ed618639e","stages":100001,"published_at":1675165303718,"runs":0,"views":0,"version_num":1,"author_name":"-","user_id_name":"-","host":"-","mail_address_encrypted":"-"}