{"src_flow_id":"-","design_stage":-1,"author":"c9a762f0-3307-11eb-8638-bacbbe07b880","authored_at":1675101552760,"source":"40","search_keywords":"","title":"Veeva CRM Demo","type":"video","url":"aHR0cHM6Ly93d3cueW91dHViZS5jb20vZW1iZWQvci04b3g2NXBtUDA\u003d","tags":["ef6be1f8-e994-4777-aaa3-4c0324a59925"],"title_lowercase":"veeva crm demo","ent_id":"be8e0250-b457-46ee-9448-c358b97e21d6","user_id":"c9a762f0-3307-11eb-8638-bacbbe07b880","flow_id":"7c716396-ee3a-4b6a-a785-9b1862eb016d","stages":100001,"published_at":1675165303718,"runs":0,"views":0,"version_num":1,"author_name":"-","user_id_name":"-","host":"-","mail_address_encrypted":"-"}